2025-12-17 16:09:49 | INFO     | __main__:run:281 - ============================================================
2025-12-17 16:09:49 | INFO     | __main__:run:282 - 🚀 HAWH媒体爬虫启动
2025-12-17 16:09:49 | INFO     | __main__:run:283 - ============================================================
2025-12-17 16:09:49 | INFO     | __main__:scrape_categories:133 - 开始爬取栏目信息...
2025-12-17 16:09:52 | INFO     | __main__:scrape_categories:140 - 发现 13 个栏目
2025-12-17 16:09:52 | ERROR    | __main__:run:322 - 爬取过程出错: 'str' object has no attribute 'get'
2025-12-17 16:10:45 | INFO     | __main__:run:281 - ============================================================
2025-12-17 16:10:45 | INFO     | __main__:run:282 - 🚀 HAWH媒体爬虫启动
2025-12-17 16:10:45 | INFO     | __main__:run:283 - ============================================================
2025-12-17 16:10:45 | INFO     | __main__:scrape_categories:133 - 开始爬取栏目信息...
2025-12-17 16:10:48 | INFO     | __main__:scrape_categories:140 - 发现 13 个栏目
2025-12-17 16:10:48 | ERROR    | __main__:run:322 - 爬取过程出错: 'str' object has no attribute 'get'
2025-12-17 16:11:05 | INFO     | __main__:run:276 - ============================================================
2025-12-17 16:11:05 | INFO     | __main__:run:277 - 🚀 HAWH媒体爬虫启动
2025-12-17 16:11:05 | INFO     | __main__:run:278 - ============================================================
2025-12-17 16:11:05 | INFO     | __main__:scrape_categories:133 - 开始爬取栏目信息...
2025-12-17 16:11:08 | INFO     | __main__:scrape_categories:140 - 发现 13 个栏目
2025-12-17 16:11:08 | INFO     | __main__:run:288 - ============================================================
2025-12-17 16:11:08 | INFO     | __main__:run:289 - 📺 开始爬取 13 个栏目的节目
2025-12-17 16:11:08 | INFO     | __main__:run:290 - ============================================================
2025-12-17 16:11:13 | INFO     | __main__:run:293 - [1/13]
2025-12-17 16:11:16 | INFO     | __main__:scrape_programs_for_category:193 - 开始爬取栏目: http://www.hawh.cn/hawh/audioVisual/classic/foreign/index.html
2025-12-17 16:11:18 | ERROR    | __main__:extract_programs_from_html:186 - 解析 HTML 提取节目时出错: name 'BeautifulSoup' is not defined
2025-12-17 16:11:18 | INFO     | __main__:scrape_programs_for_category:208 - 第 1 页抓取完成，找到 0 个节目
2025-12-17 16:11:18 | ERROR    | __main__:scrape_programs_for_category:255 - 爬取栏目主入口失败: name 'BeautifulSoup' is not defined
2025-12-17 16:11:18 | INFO     | __main__:scrape_programs_for_category:257 - 栏目爬取结束，总共发现 0 个节目
2025-12-17 16:12:17 | INFO     | __main__:run:277 - ============================================================
2025-12-17 16:12:17 | INFO     | __main__:run:278 - 🚀 HAWH媒体爬虫启动
2025-12-17 16:12:17 | INFO     | __main__:run:279 - ============================================================
2025-12-17 16:12:17 | INFO     | __main__:scrape_categories:134 - 开始爬取栏目信息...
2025-12-17 16:12:19 | INFO     | __main__:scrape_categories:141 - 发现 13 个栏目
2025-12-17 16:12:19 | INFO     | __main__:run:289 - ============================================================
2025-12-17 16:12:19 | INFO     | __main__:run:290 - 📺 开始爬取 13 个栏目的节目
2025-12-17 16:12:19 | INFO     | __main__:run:291 - ============================================================
2025-12-17 16:12:23 | INFO     | __main__:run:294 - [1/13]
2025-12-17 16:12:23 | INFO     | __main__:scrape_programs_for_category:194 - 开始爬取栏目: http://www.hawh.cn/hawh/audioVisual/art/heritage/index.html
2025-12-17 16:12:26 | ERROR    | __main__:extract_programs_from_html:187 - 解析 HTML 提取节目时出错: name 'urljoin' is not defined
2025-12-17 16:12:26 | INFO     | __main__:scrape_programs_for_category:209 - 第 1 页抓取完成，找到 0 个节目
2025-12-17 16:12:26 | INFO     | __main__:scrape_programs_for_category:221 - 检测到分页组件，最大页数为: 3
2025-12-17 16:12:26 | INFO     | __main__:scrape_programs_for_category:236 - 正在爬取第 2/3 页: http://www.hawh.cn/hawh/audioVisual/art/heritage/index.html?pageIndex=2
2025-12-17 16:12:29 | ERROR    | __main__:extract_programs_from_html:187 - 解析 HTML 提取节目时出错: name 'urljoin' is not defined
2025-12-17 16:12:29 | INFO     | __main__:scrape_programs_for_category:246 - 第 2 页抓取完成，新增 0 个节目
2025-12-17 16:12:29 | INFO     | __main__:scrape_programs_for_category:236 - 正在爬取第 3/3 页: http://www.hawh.cn/hawh/audioVisual/art/heritage/index.html?pageIndex=3
2025-12-17 16:12:31 | ERROR    | __main__:extract_programs_from_html:187 - 解析 HTML 提取节目时出错: name 'urljoin' is not defined
2025-12-17 16:12:31 | INFO     | __main__:scrape_programs_for_category:246 - 第 3 页抓取完成，新增 0 个节目
2025-12-17 16:12:31 | INFO     | __main__:scrape_programs_for_category:258 - 栏目爬取结束，总共发现 0 个节目
2025-12-17 16:12:31 | INFO     | __main__:run:294 - [2/13]
2025-12-17 16:12:31 | INFO     | __main__:scrape_programs_for_category:194 - 开始爬取栏目: http://www.hawh.cn/hawh/audioVisual/art/drama/index.html
2025-12-17 16:12:33 | ERROR    | __main__:extract_programs_from_html:187 - 解析 HTML 提取节目时出错: name 'urljoin' is not defined
2025-12-17 16:12:33 | INFO     | __main__:scrape_programs_for_category:209 - 第 1 页抓取完成，找到 0 个节目
2025-12-17 16:12:33 | INFO     | __main__:scrape_programs_for_category:221 - 检测到分页组件，最大页数为: 5
2025-12-17 16:12:33 | INFO     | __main__:scrape_programs_for_category:236 - 正在爬取第 2/5 页: http://www.hawh.cn/hawh/audioVisual/art/drama/index.html?pageIndex=2
2025-12-17 16:12:35 | ERROR    | __main__:extract_programs_from_html:187 - 解析 HTML 提取节目时出错: name 'urljoin' is not defined
2025-12-17 16:12:35 | INFO     | __main__:scrape_programs_for_category:246 - 第 2 页抓取完成，新增 0 个节目
2025-12-17 16:12:35 | INFO     | __main__:scrape_programs_for_category:236 - 正在爬取第 3/5 页: http://www.hawh.cn/hawh/audioVisual/art/drama/index.html?pageIndex=3
2025-12-17 16:12:36 | ERROR    | __main__:extract_programs_from_html:187 - 解析 HTML 提取节目时出错: name 'urljoin' is not defined
2025-12-17 16:12:36 | INFO     | __main__:scrape_programs_for_category:246 - 第 3 页抓取完成，新增 0 个节目
2025-12-17 16:12:36 | INFO     | __main__:scrape_programs_for_category:236 - 正在爬取第 4/5 页: http://www.hawh.cn/hawh/audioVisual/art/drama/index.html?pageIndex=4
2025-12-17 16:12:39 | ERROR    | __main__:extract_programs_from_html:187 - 解析 HTML 提取节目时出错: name 'urljoin' is not defined
2025-12-17 16:12:39 | INFO     | __main__:scrape_programs_for_category:246 - 第 4 页抓取完成，新增 0 个节目
2025-12-17 16:12:39 | INFO     | __main__:scrape_programs_for_category:236 - 正在爬取第 5/5 页: http://www.hawh.cn/hawh/audioVisual/art/drama/index.html?pageIndex=5
2025-12-17 16:12:40 | ERROR    | __main__:extract_programs_from_html:187 - 解析 HTML 提取节目时出错: name 'urljoin' is not defined
2025-12-17 16:12:40 | INFO     | __main__:scrape_programs_for_category:246 - 第 5 页抓取完成，新增 0 个节目
2025-12-17 16:12:40 | INFO     | __main__:scrape_programs_for_category:258 - 栏目爬取结束，总共发现 0 个节目
2025-12-17 16:12:40 | INFO     | __main__:run:294 - [3/13]
2025-12-17 16:12:40 | INFO     | __main__:scrape_programs_for_category:194 - 开始爬取栏目: http://www.hawh.cn/hawh/audioVisual/classic/foreign/index.html
2025-12-17 16:12:42 | ERROR    | __main__:extract_programs_from_html:187 - 解析 HTML 提取节目时出错: name 'urljoin' is not defined
2025-12-17 16:12:42 | INFO     | __main__:scrape_programs_for_category:209 - 第 1 页抓取完成，找到 0 个节目
2025-12-17 16:12:42 | INFO     | __main__:scrape_programs_for_category:221 - 检测到分页组件，最大页数为: 2
2025-12-17 16:12:42 | INFO     | __main__:scrape_programs_for_category:236 - 正在爬取第 2/2 页: http://www.hawh.cn/hawh/audioVisual/classic/foreign/index.html?pageIndex=2
2025-12-17 16:12:44 | ERROR    | __main__:extract_programs_from_html:187 - 解析 HTML 提取节目时出错: name 'urljoin' is not defined
2025-12-17 16:12:44 | INFO     | __main__:scrape_programs_for_category:246 - 第 2 页抓取完成，新增 0 个节目
2025-12-17 16:12:44 | INFO     | __main__:scrape_programs_for_category:258 - 栏目爬取结束，总共发现 0 个节目
2025-12-17 16:12:44 | INFO     | __main__:run:294 - [4/13]
2025-12-17 16:12:44 | INFO     | __main__:scrape_programs_for_category:194 - 开始爬取栏目: http://www.hawh.cn/hawh/audioVisual/cultural/world/index.html
2025-12-17 16:12:46 | INFO     | __main__:scrape_programs_for_category:209 - 第 1 页抓取完成，找到 0 个节目
2025-12-17 16:12:46 | INFO     | __main__:scrape_programs_for_category:221 - 检测到分页组件，最大页数为: 4
2025-12-17 16:12:46 | INFO     | __main__:scrape_programs_for_category:236 - 正在爬取第 2/4 页: http://www.hawh.cn/hawh/audioVisual/cultural/world/index.html?pageIndex=2
2025-12-17 16:12:48 | INFO     | __main__:scrape_programs_for_category:246 - 第 2 页抓取完成，新增 0 个节目
2025-12-17 16:12:48 | INFO     | __main__:scrape_programs_for_category:236 - 正在爬取第 3/4 页: http://www.hawh.cn/hawh/audioVisual/cultural/world/index.html?pageIndex=3
2025-12-17 16:12:49 | INFO     | __main__:scrape_programs_for_category:246 - 第 3 页抓取完成，新增 0 个节目
2025-12-17 16:12:49 | INFO     | __main__:scrape_programs_for_category:236 - 正在爬取第 4/4 页: http://www.hawh.cn/hawh/audioVisual/cultural/world/index.html?pageIndex=4
2025-12-17 16:12:51 | INFO     | __main__:scrape_programs_for_category:246 - 第 4 页抓取完成，新增 0 个节目
2025-12-17 16:12:51 | INFO     | __main__:scrape_programs_for_category:258 - 栏目爬取结束，总共发现 0 个节目
2025-12-17 16:12:51 | INFO     | __main__:run:294 - [5/13]
2025-12-17 16:12:51 | INFO     | __main__:scrape_programs_for_category:194 - 开始爬取栏目: http://www.hawh.cn/hawh/audioVisual/cultural/essence/index.html
2025-12-17 16:12:53 | INFO     | __main__:scrape_programs_for_category:209 - 第 1 页抓取完成，找到 0 个节目
2025-12-17 16:12:53 | INFO     | __main__:scrape_programs_for_category:221 - 检测到分页组件，最大页数为: 4
2025-12-17 16:12:53 | INFO     | __main__:scrape_programs_for_category:236 - 正在爬取第 2/4 页: http://www.hawh.cn/hawh/audioVisual/cultural/essence/index.html?pageIndex=2
2025-12-17 16:12:55 | INFO     | __main__:scrape_programs_for_category:246 - 第 2 页抓取完成，新增 0 个节目
2025-12-17 16:12:55 | INFO     | __main__:scrape_programs_for_category:236 - 正在爬取第 3/4 页: http://www.hawh.cn/hawh/audioVisual/cultural/essence/index.html?pageIndex=3
2025-12-17 16:12:57 | INFO     | __main__:scrape_programs_for_category:246 - 第 3 页抓取完成，新增 0 个节目
2025-12-17 16:12:57 | INFO     | __main__:scrape_programs_for_category:236 - 正在爬取第 4/4 页: http://www.hawh.cn/hawh/audioVisual/cultural/essence/index.html?pageIndex=4
2025-12-17 16:12:59 | INFO     | __main__:scrape_programs_for_category:246 - 第 4 页抓取完成，新增 0 个节目
2025-12-17 16:12:59 | INFO     | __main__:scrape_programs_for_category:258 - 栏目爬取结束，总共发现 0 个节目
2025-12-17 16:12:59 | INFO     | __main__:run:294 - [6/13]
2025-12-17 16:12:59 | INFO     | __main__:scrape_programs_for_category:194 - 开始爬取栏目: http://www.hawh.cn/hawh/audioVisual/art/acrobatics/index.html
2025-12-17 16:13:00 | ERROR    | __main__:extract_programs_from_html:187 - 解析 HTML 提取节目时出错: name 'urljoin' is not defined
2025-12-17 16:13:00 | INFO     | __main__:scrape_programs_for_category:209 - 第 1 页抓取完成，找到 0 个节目
2025-12-17 16:13:00 | INFO     | __main__:scrape_programs_for_category:221 - 检测到分页组件，最大页数为: 5
2025-12-17 16:13:00 | INFO     | __main__:scrape_programs_for_category:236 - 正在爬取第 2/5 页: http://www.hawh.cn/hawh/audioVisual/art/acrobatics/index.html?pageIndex=2
2025-12-17 16:13:02 | ERROR    | __main__:extract_programs_from_html:187 - 解析 HTML 提取节目时出错: name 'urljoin' is not defined
2025-12-17 16:13:02 | INFO     | __main__:scrape_programs_for_category:246 - 第 2 页抓取完成，新增 0 个节目
2025-12-17 16:13:02 | INFO     | __main__:scrape_programs_for_category:236 - 正在爬取第 3/5 页: http://www.hawh.cn/hawh/audioVisual/art/acrobatics/index.html?pageIndex=3
2025-12-17 16:13:04 | ERROR    | __main__:extract_programs_from_html:187 - 解析 HTML 提取节目时出错: name 'urljoin' is not defined
2025-12-17 16:13:04 | INFO     | __main__:scrape_programs_for_category:246 - 第 3 页抓取完成，新增 0 个节目
2025-12-17 16:13:04 | INFO     | __main__:scrape_programs_for_category:236 - 正在爬取第 4/5 页: http://www.hawh.cn/hawh/audioVisual/art/acrobatics/index.html?pageIndex=4
2025-12-17 16:13:06 | ERROR    | __main__:extract_programs_from_html:187 - 解析 HTML 提取节目时出错: name 'urljoin' is not defined
2025-12-17 16:13:06 | INFO     | __main__:scrape_programs_for_category:246 - 第 4 页抓取完成，新增 0 个节目
2025-12-17 16:13:06 | INFO     | __main__:scrape_programs_for_category:236 - 正在爬取第 5/5 页: http://www.hawh.cn/hawh/audioVisual/art/acrobatics/index.html?pageIndex=5
2025-12-17 16:13:08 | ERROR    | __main__:extract_programs_from_html:187 - 解析 HTML 提取节目时出错: name 'urljoin' is not defined
2025-12-17 16:13:08 | INFO     | __main__:scrape_programs_for_category:246 - 第 5 页抓取完成，新增 0 个节目
2025-12-17 16:13:08 | INFO     | __main__:scrape_programs_for_category:258 - 栏目爬取结束，总共发现 0 个节目
2025-12-17 16:13:08 | INFO     | __main__:run:294 - [7/13]
2025-12-17 16:13:08 | INFO     | __main__:scrape_programs_for_category:194 - 开始爬取栏目: http://www.hawh.cn/hawh/audioVisual/classic/share/index.html
2025-12-17 16:13:10 | ERROR    | __main__:extract_programs_from_html:187 - 解析 HTML 提取节目时出错: name 'urljoin' is not defined
2025-12-17 16:13:10 | INFO     | __main__:scrape_programs_for_category:209 - 第 1 页抓取完成，找到 0 个节目
2025-12-17 16:13:10 | INFO     | __main__:scrape_programs_for_category:221 - 检测到分页组件，最大页数为: 1
2025-12-17 16:13:10 | INFO     | __main__:scrape_programs_for_category:258 - 栏目爬取结束，总共发现 0 个节目
2025-12-17 16:13:10 | INFO     | __main__:run:294 - [8/13]
2025-12-17 16:13:10 | INFO     | __main__:scrape_programs_for_category:194 - 开始爬取栏目: http://www.hawh.cn/hawh/audioVisual/lecture/topic/index.html
2025-12-17 16:13:12 | ERROR    | __main__:extract_programs_from_html:187 - 解析 HTML 提取节目时出错: name 'urljoin' is not defined
2025-12-17 16:13:12 | INFO     | __main__:scrape_programs_for_category:209 - 第 1 页抓取完成，找到 0 个节目
2025-12-17 16:13:12 | INFO     | __main__:scrape_programs_for_category:221 - 检测到分页组件，最大页数为: 3
2025-12-17 16:13:12 | INFO     | __main__:scrape_programs_for_category:236 - 正在爬取第 2/3 页: http://www.hawh.cn/hawh/audioVisual/lecture/topic/index.html?pageIndex=2
2025-12-17 16:13:14 | ERROR    | __main__:extract_programs_from_html:187 - 解析 HTML 提取节目时出错: name 'urljoin' is not defined
2025-12-17 16:13:14 | INFO     | __main__:scrape_programs_for_category:246 - 第 2 页抓取完成，新增 0 个节目
2025-12-17 16:13:14 | INFO     | __main__:scrape_programs_for_category:236 - 正在爬取第 3/3 页: http://www.hawh.cn/hawh/audioVisual/lecture/topic/index.html?pageIndex=3
2025-12-17 16:13:16 | ERROR    | __main__:extract_programs_from_html:187 - 解析 HTML 提取节目时出错: name 'urljoin' is not defined
2025-12-17 16:13:16 | INFO     | __main__:scrape_programs_for_category:246 - 第 3 页抓取完成，新增 0 个节目
2025-12-17 16:13:16 | INFO     | __main__:scrape_programs_for_category:258 - 栏目爬取结束，总共发现 0 个节目
2025-12-17 16:13:16 | INFO     | __main__:run:294 - [9/13]
2025-12-17 16:13:16 | INFO     | __main__:scrape_programs_for_category:194 - 开始爬取栏目: http://www.hawh.cn/hawh/audioVisual/lecture/tradition/index.html
2025-12-17 16:13:18 | ERROR    | __main__:extract_programs_from_html:187 - 解析 HTML 提取节目时出错: name 'urljoin' is not defined
2025-12-17 16:13:18 | INFO     | __main__:scrape_programs_for_category:209 - 第 1 页抓取完成，找到 0 个节目
2025-12-17 16:13:18 | INFO     | __main__:scrape_programs_for_category:221 - 检测到分页组件，最大页数为: 3
2025-12-17 16:13:18 | INFO     | __main__:scrape_programs_for_category:236 - 正在爬取第 2/3 页: http://www.hawh.cn/hawh/audioVisual/lecture/tradition/index.html?pageIndex=2
2025-12-17 16:13:20 | ERROR    | __main__:extract_programs_from_html:187 - 解析 HTML 提取节目时出错: name 'urljoin' is not defined
2025-12-17 16:13:20 | INFO     | __main__:scrape_programs_for_category:246 - 第 2 页抓取完成，新增 0 个节目
2025-12-17 16:13:20 | INFO     | __main__:scrape_programs_for_category:236 - 正在爬取第 3/3 页: http://www.hawh.cn/hawh/audioVisual/lecture/tradition/index.html?pageIndex=3
2025-12-17 16:13:23 | INFO     | __main__:run:277 - ============================================================
2025-12-17 16:13:23 | INFO     | __main__:run:278 - 🚀 HAWH媒体爬虫启动
2025-12-17 16:13:23 | INFO     | __main__:run:279 - ============================================================
2025-12-17 16:13:23 | INFO     | __main__:scrape_categories:134 - 开始爬取栏目信息...
2025-12-17 16:13:26 | INFO     | __main__:scrape_categories:141 - 发现 13 个栏目
2025-12-17 16:13:26 | INFO     | __main__:run:289 - ============================================================
2025-12-17 16:13:26 | INFO     | __main__:run:290 - 📺 开始爬取 13 个栏目的节目
2025-12-17 16:13:26 | INFO     | __main__:run:291 - ============================================================
2025-12-17 16:13:26 | INFO     | __main__:run:294 - [1/13]
2025-12-17 16:13:26 | INFO     | __main__:scrape_programs_for_category:194 - 开始爬取栏目: http://www.hawh.cn/hawh/audioVisual/lecture/topic/index.html
2025-12-17 16:13:27 | INFO     | __main__:scrape_programs_for_category:209 - 第 1 页抓取完成，找到 12 个节目
2025-12-17 16:13:27 | INFO     | __main__:scrape_programs_for_category:221 - 检测到分页组件，最大页数为: 3
2025-12-17 16:13:27 | INFO     | __main__:scrape_programs_for_category:236 - 正在爬取第 2/3 页: http://www.hawh.cn/hawh/audioVisual/lecture/topic/index.html?pageIndex=2
2025-12-17 16:13:42 | INFO     | __main__:scrape_programs_for_category:246 - 第 2 页抓取完成，新增 12 个节目
2025-12-17 16:13:42 | INFO     | __main__:scrape_programs_for_category:236 - 正在爬取第 3/3 页: http://www.hawh.cn/hawh/audioVisual/lecture/topic/index.html?pageIndex=3
2025-12-17 16:13:43 | INFO     | __main__:scrape_programs_for_category:246 - 第 3 页抓取完成，新增 8 个节目
2025-12-17 16:13:43 | INFO     | __main__:scrape_programs_for_category:258 - 栏目爬取结束，总共发现 32 个节目
2025-12-17 16:13:43 | INFO     | __main__:run:294 - [2/13]
2025-12-17 16:13:43 | INFO     | __main__:scrape_programs_for_category:194 - 开始爬取栏目: http://www.hawh.cn/hawh/audioVisual/cultural/world/index.html
2025-12-17 16:13:45 | INFO     | __main__:scrape_programs_for_category:209 - 第 1 页抓取完成，找到 0 个节目
2025-12-17 16:13:45 | INFO     | __main__:scrape_programs_for_category:221 - 检测到分页组件，最大页数为: 4
2025-12-17 16:13:45 | INFO     | __main__:scrape_programs_for_category:236 - 正在爬取第 2/4 页: http://www.hawh.cn/hawh/audioVisual/cultural/world/index.html?pageIndex=2
2025-12-17 16:13:47 | INFO     | __main__:scrape_programs_for_category:246 - 第 2 页抓取完成，新增 0 个节目
2025-12-17 16:13:47 | INFO     | __main__:scrape_programs_for_category:236 - 正在爬取第 3/4 页: http://www.hawh.cn/hawh/audioVisual/cultural/world/index.html?pageIndex=3
2025-12-17 16:13:49 | INFO     | __main__:scrape_programs_for_category:246 - 第 3 页抓取完成，新增 0 个节目
2025-12-17 16:13:49 | INFO     | __main__:scrape_programs_for_category:236 - 正在爬取第 4/4 页: http://www.hawh.cn/hawh/audioVisual/cultural/world/index.html?pageIndex=4
2025-12-17 16:13:51 | INFO     | __main__:scrape_programs_for_category:246 - 第 4 页抓取完成，新增 0 个节目
2025-12-17 16:13:51 | INFO     | __main__:scrape_programs_for_category:258 - 栏目爬取结束，总共发现 0 个节目
2025-12-17 16:13:51 | INFO     | __main__:run:294 - [3/13]
2025-12-17 16:13:51 | INFO     | __main__:scrape_programs_for_category:194 - 开始爬取栏目: http://www.hawh.cn/hawh/audioVisual/lecture/interview/index.html
2025-12-17 16:13:53 | INFO     | __main__:scrape_programs_for_category:209 - 第 1 页抓取完成，找到 12 个节目
2025-12-17 16:13:53 | INFO     | __main__:scrape_programs_for_category:221 - 检测到分页组件，最大页数为: 3
2025-12-17 16:13:53 | INFO     | __main__:scrape_programs_for_category:236 - 正在爬取第 2/3 页: http://www.hawh.cn/hawh/audioVisual/lecture/interview/index.html?pageIndex=2
2025-12-17 16:13:55 | INFO     | __main__:scrape_programs_for_category:246 - 第 2 页抓取完成，新增 12 个节目
2025-12-17 16:13:55 | INFO     | __main__:scrape_programs_for_category:236 - 正在爬取第 3/3 页: http://www.hawh.cn/hawh/audioVisual/lecture/interview/index.html?pageIndex=3
2025-12-17 16:13:57 | INFO     | __main__:scrape_programs_for_category:246 - 第 3 页抓取完成，新增 1 个节目
2025-12-17 16:13:57 | INFO     | __main__:scrape_programs_for_category:258 - 栏目爬取结束，总共发现 25 个节目
2025-12-17 16:13:57 | INFO     | __main__:run:294 - [4/13]
2025-12-17 16:13:57 | INFO     | __main__:scrape_programs_for_category:194 - 开始爬取栏目: http://www.hawh.cn/hawh/audioVisual/dynamic/index.html
2025-12-17 16:13:59 | INFO     | __main__:scrape_programs_for_category:209 - 第 1 页抓取完成，找到 0 个节目
2025-12-17 16:13:59 | INFO     | __main__:scrape_programs_for_category:221 - 检测到分页组件，最大页数为: 1
2025-12-17 16:13:59 | INFO     | __main__:scrape_programs_for_category:258 - 栏目爬取结束，总共发现 0 个节目
2025-12-17 16:13:59 | INFO     | __main__:run:294 - [5/13]
2025-12-17 16:13:59 | INFO     | __main__:scrape_programs_for_category:194 - 开始爬取栏目: http://www.hawh.cn/hawh/audioVisual/cultural/centralPlains/index.html
2025-12-17 16:14:01 | INFO     | __main__:scrape_programs_for_category:209 - 第 1 页抓取完成，找到 0 个节目
2025-12-17 16:14:01 | INFO     | __main__:scrape_programs_for_category:221 - 检测到分页组件，最大页数为: 1
2025-12-17 16:14:01 | INFO     | __main__:scrape_programs_for_category:258 - 栏目爬取结束，总共发现 0 个节目
2025-12-17 16:14:01 | INFO     | __main__:run:294 - [6/13]
2025-12-17 16:14:01 | INFO     | __main__:scrape_programs_for_category:194 - 开始爬取栏目: http://www.hawh.cn/hawh/audioVisual/art/acrobatics/index.html
2025-12-17 16:14:03 | INFO     | __main__:scrape_programs_for_category:209 - 第 1 页抓取完成，找到 12 个节目
2025-12-17 16:14:03 | INFO     | __main__:scrape_programs_for_category:221 - 检测到分页组件，最大页数为: 5
2025-12-17 16:14:03 | INFO     | __main__:scrape_programs_for_category:236 - 正在爬取第 2/5 页: http://www.hawh.cn/hawh/audioVisual/art/acrobatics/index.html?pageIndex=2
2025-12-17 16:14:04 | INFO     | __main__:scrape_programs_for_category:246 - 第 2 页抓取完成，新增 12 个节目
2025-12-17 16:14:04 | INFO     | __main__:scrape_programs_for_category:236 - 正在爬取第 3/5 页: http://www.hawh.cn/hawh/audioVisual/art/acrobatics/index.html?pageIndex=3
2025-12-17 16:14:06 | INFO     | __main__:scrape_programs_for_category:246 - 第 3 页抓取完成，新增 12 个节目
2025-12-17 16:14:06 | INFO     | __main__:scrape_programs_for_category:236 - 正在爬取第 4/5 页: http://www.hawh.cn/hawh/audioVisual/art/acrobatics/index.html?pageIndex=4
2025-12-17 16:14:08 | INFO     | __main__:scrape_programs_for_category:246 - 第 4 页抓取完成，新增 12 个节目
2025-12-17 16:14:08 | INFO     | __main__:scrape_programs_for_category:236 - 正在爬取第 5/5 页: http://www.hawh.cn/hawh/audioVisual/art/acrobatics/index.html?pageIndex=5
2025-12-17 16:14:10 | INFO     | __main__:scrape_programs_for_category:246 - 第 5 页抓取完成，新增 4 个节目
2025-12-17 16:14:10 | INFO     | __main__:scrape_programs_for_category:258 - 栏目爬取结束，总共发现 52 个节目
2025-12-17 16:14:10 | INFO     | __main__:run:294 - [7/13]
2025-12-17 16:14:10 | INFO     | __main__:scrape_programs_for_category:194 - 开始爬取栏目: http://www.hawh.cn/hawh/audioVisual/art/drama/index.html
2025-12-17 16:14:12 | INFO     | __main__:scrape_programs_for_category:209 - 第 1 页抓取完成，找到 12 个节目
2025-12-17 16:14:12 | INFO     | __main__:scrape_programs_for_category:221 - 检测到分页组件，最大页数为: 5
2025-12-17 16:14:12 | INFO     | __main__:scrape_programs_for_category:236 - 正在爬取第 2/5 页: http://www.hawh.cn/hawh/audioVisual/art/drama/index.html?pageIndex=2
2025-12-17 16:14:13 | INFO     | __main__:scrape_programs_for_category:246 - 第 2 页抓取完成，新增 12 个节目
2025-12-17 16:14:13 | INFO     | __main__:scrape_programs_for_category:236 - 正在爬取第 3/5 页: http://www.hawh.cn/hawh/audioVisual/art/drama/index.html?pageIndex=3
2025-12-17 16:14:15 | INFO     | __main__:scrape_programs_for_category:246 - 第 3 页抓取完成，新增 12 个节目
2025-12-17 16:14:15 | INFO     | __main__:scrape_programs_for_category:236 - 正在爬取第 4/5 页: http://www.hawh.cn/hawh/audioVisual/art/drama/index.html?pageIndex=4
2025-12-17 16:14:16 | INFO     | __main__:scrape_programs_for_category:246 - 第 4 页抓取完成，新增 12 个节目
2025-12-17 16:14:16 | INFO     | __main__:scrape_programs_for_category:236 - 正在爬取第 5/5 页: http://www.hawh.cn/hawh/audioVisual/art/drama/index.html?pageIndex=5
2025-12-17 16:14:18 | INFO     | __main__:scrape_programs_for_category:246 - 第 5 页抓取完成，新增 12 个节目
2025-12-17 16:14:18 | INFO     | __main__:scrape_programs_for_category:258 - 栏目爬取结束，总共发现 60 个节目
2025-12-17 16:14:18 | INFO     | __main__:run:294 - [8/13]
2025-12-17 16:14:18 | INFO     | __main__:scrape_programs_for_category:194 - 开始爬取栏目: http://www.hawh.cn/hawh/audioVisual/art/heritage/index.html
2025-12-17 16:14:20 | INFO     | __main__:scrape_programs_for_category:209 - 第 1 页抓取完成，找到 12 个节目
2025-12-17 16:14:20 | INFO     | __main__:scrape_programs_for_category:221 - 检测到分页组件，最大页数为: 3
2025-12-17 16:14:20 | INFO     | __main__:scrape_programs_for_category:236 - 正在爬取第 2/3 页: http://www.hawh.cn/hawh/audioVisual/art/heritage/index.html?pageIndex=2
2025-12-17 16:14:22 | INFO     | __main__:scrape_programs_for_category:246 - 第 2 页抓取完成，新增 12 个节目
2025-12-17 16:14:22 | INFO     | __main__:scrape_programs_for_category:236 - 正在爬取第 3/3 页: http://www.hawh.cn/hawh/audioVisual/art/heritage/index.html?pageIndex=3
2025-12-17 16:14:24 | INFO     | __main__:scrape_programs_for_category:246 - 第 3 页抓取完成，新增 5 个节目
2025-12-17 16:14:24 | INFO     | __main__:scrape_programs_for_category:258 - 栏目爬取结束，总共发现 29 个节目
2025-12-17 16:14:24 | INFO     | __main__:run:294 - [9/13]
2025-12-17 16:14:24 | INFO     | __main__:scrape_programs_for_category:194 - 开始爬取栏目: http://www.hawh.cn/hawh/audioVisual/cultural/essence/index.html
2025-12-17 16:14:26 | INFO     | __main__:scrape_programs_for_category:209 - 第 1 页抓取完成，找到 0 个节目
2025-12-17 16:14:26 | INFO     | __main__:scrape_programs_for_category:221 - 检测到分页组件，最大页数为: 4
2025-12-17 16:14:26 | INFO     | __main__:scrape_programs_for_category:236 - 正在爬取第 2/4 页: http://www.hawh.cn/hawh/audioVisual/cultural/essence/index.html?pageIndex=2
2025-12-17 16:14:28 | INFO     | __main__:scrape_programs_for_category:246 - 第 2 页抓取完成，新增 0 个节目
2025-12-17 16:14:28 | INFO     | __main__:scrape_programs_for_category:236 - 正在爬取第 3/4 页: http://www.hawh.cn/hawh/audioVisual/cultural/essence/index.html?pageIndex=3
2025-12-17 16:14:30 | INFO     | __main__:scrape_programs_for_category:246 - 第 3 页抓取完成，新增 0 个节目
2025-12-17 16:14:30 | INFO     | __main__:scrape_programs_for_category:236 - 正在爬取第 4/4 页: http://www.hawh.cn/hawh/audioVisual/cultural/essence/index.html?pageIndex=4
2025-12-17 16:14:32 | INFO     | __main__:scrape_programs_for_category:246 - 第 4 页抓取完成，新增 0 个节目
2025-12-17 16:14:32 | INFO     | __main__:scrape_programs_for_category:258 - 栏目爬取结束，总共发现 0 个节目
2025-12-17 16:14:32 | INFO     | __main__:run:294 - [10/13]
2025-12-17 16:14:32 | INFO     | __main__:scrape_programs_for_category:194 - 开始爬取栏目: http://www.hawh.cn/hawh/audioVisual/classic/share/index.html
2025-12-17 16:14:34 | INFO     | __main__:scrape_programs_for_category:209 - 第 1 页抓取完成，找到 11 个节目
2025-12-17 16:14:34 | INFO     | __main__:scrape_programs_for_category:221 - 检测到分页组件，最大页数为: 1
2025-12-17 16:14:34 | INFO     | __main__:scrape_programs_for_category:258 - 栏目爬取结束，总共发现 11 个节目
2025-12-17 16:14:34 | INFO     | __main__:run:294 - [11/13]
2025-12-17 16:14:34 | INFO     | __main__:scrape_programs_for_category:194 - 开始爬取栏目: http://www.hawh.cn/hawh/audioVisual/lecture/tradition/index.html
2025-12-17 16:14:36 | INFO     | __main__:scrape_programs_for_category:209 - 第 1 页抓取完成，找到 12 个节目
2025-12-17 16:14:36 | INFO     | __main__:scrape_programs_for_category:221 - 检测到分页组件，最大页数为: 3
2025-12-17 16:14:36 | INFO     | __main__:scrape_programs_for_category:236 - 正在爬取第 2/3 页: http://www.hawh.cn/hawh/audioVisual/lecture/tradition/index.html?pageIndex=2
2025-12-17 16:14:37 | INFO     | __main__:scrape_programs_for_category:246 - 第 2 页抓取完成，新增 12 个节目
2025-12-17 16:14:37 | INFO     | __main__:scrape_programs_for_category:236 - 正在爬取第 3/3 页: http://www.hawh.cn/hawh/audioVisual/lecture/tradition/index.html?pageIndex=3
2025-12-17 16:14:40 | INFO     | __main__:scrape_programs_for_category:246 - 第 3 页抓取完成，新增 6 个节目
2025-12-17 16:14:40 | INFO     | __main__:scrape_programs_for_category:258 - 栏目爬取结束，总共发现 30 个节目
2025-12-17 16:14:40 | INFO     | __main__:run:294 - [12/13]
2025-12-17 16:14:40 | INFO     | __main__:scrape_programs_for_category:194 - 开始爬取栏目: http://www.hawh.cn/hawh/audioVisual/classic/domestic/index.html
2025-12-17 16:14:41 | INFO     | __main__:scrape_programs_for_category:209 - 第 1 页抓取完成，找到 12 个节目
2025-12-17 16:14:41 | INFO     | __main__:scrape_programs_for_category:221 - 检测到分页组件，最大页数为: 7
2025-12-17 16:14:41 | INFO     | __main__:scrape_programs_for_category:236 - 正在爬取第 2/7 页: http://www.hawh.cn/hawh/audioVisual/classic/domestic/index.html?pageIndex=2
2025-12-17 16:14:43 | INFO     | __main__:scrape_programs_for_category:246 - 第 2 页抓取完成，新增 12 个节目
2025-12-17 16:14:43 | INFO     | __main__:scrape_programs_for_category:236 - 正在爬取第 3/7 页: http://www.hawh.cn/hawh/audioVisual/classic/domestic/index.html?pageIndex=3
2025-12-17 16:14:46 | INFO     | __main__:scrape_programs_for_category:246 - 第 3 页抓取完成，新增 12 个节目
2025-12-17 16:14:46 | INFO     | __main__:scrape_programs_for_category:236 - 正在爬取第 4/7 页: http://www.hawh.cn/hawh/audioVisual/classic/domestic/index.html?pageIndex=4
2025-12-17 16:14:48 | INFO     | __main__:scrape_programs_for_category:246 - 第 4 页抓取完成，新增 12 个节目
2025-12-17 16:14:48 | INFO     | __main__:scrape_programs_for_category:236 - 正在爬取第 5/7 页: http://www.hawh.cn/hawh/audioVisual/classic/domestic/index.html?pageIndex=5
2025-12-17 16:14:50 | INFO     | __main__:scrape_programs_for_category:246 - 第 5 页抓取完成，新增 12 个节目
2025-12-17 16:14:50 | INFO     | __main__:scrape_programs_for_category:236 - 正在爬取第 6/7 页: http://www.hawh.cn/hawh/audioVisual/classic/domestic/index.html?pageIndex=6
2025-12-17 16:14:52 | INFO     | __main__:scrape_programs_for_category:246 - 第 6 页抓取完成，新增 12 个节目
2025-12-17 16:14:52 | INFO     | __main__:scrape_programs_for_category:236 - 正在爬取第 7/7 页: http://www.hawh.cn/hawh/audioVisual/classic/domestic/index.html?pageIndex=7
2025-12-17 16:14:54 | INFO     | __main__:scrape_programs_for_category:246 - 第 7 页抓取完成，新增 9 个节目
2025-12-17 16:14:54 | INFO     | __main__:scrape_programs_for_category:258 - 栏目爬取结束，总共发现 81 个节目
2025-12-17 16:14:54 | INFO     | __main__:run:294 - [13/13]
2025-12-17 16:14:54 | INFO     | __main__:scrape_programs_for_category:194 - 开始爬取栏目: http://www.hawh.cn/hawh/audioVisual/classic/foreign/index.html
2025-12-17 16:14:56 | INFO     | __main__:scrape_programs_for_category:209 - 第 1 页抓取完成，找到 12 个节目
2025-12-17 16:14:56 | INFO     | __main__:scrape_programs_for_category:221 - 检测到分页组件，最大页数为: 2
2025-12-17 16:14:56 | INFO     | __main__:scrape_programs_for_category:236 - 正在爬取第 2/2 页: http://www.hawh.cn/hawh/audioVisual/classic/foreign/index.html?pageIndex=2
2025-12-17 16:14:57 | INFO     | __main__:scrape_programs_for_category:246 - 第 2 页抓取完成，新增 12 个节目
2025-12-17 16:14:58 | INFO     | __main__:scrape_programs_for_category:258 - 栏目爬取结束，总共发现 24 个节目
2025-12-17 16:15:20 | INFO     | __main__:run:300 - ============================================================
2025-12-17 16:15:20 | INFO     | __main__:run:301 - 🎬 正在获取节目详情和媒体链接
2025-12-17 16:15:21 | INFO     | __main__:run:302 - ============================================================
2025-12-17 16:15:32 | INFO     | __main__:run:307 - [1/10] 考古学与中国文化(下)
2025-12-17 16:28:03 | INFO     | __main__:run:279 - ============================================================
2025-12-17 16:28:03 | INFO     | __main__:run:280 - 🚀 HAWH媒体爬虫启动
2025-12-17 16:28:03 | INFO     | __main__:run:281 - ============================================================
2025-12-17 16:28:03 | INFO     | __main__:scrape_categories:135 - 开始爬取栏目信息...
2025-12-17 16:28:06 | INFO     | __main__:scrape_categories:142 - 发现 13 个栏目
2025-12-17 16:28:06 | INFO     | __main__:run:291 - ============================================================
2025-12-17 16:28:06 | INFO     | __main__:run:292 - 📺 开始爬取 13 个栏目的节目
2025-12-17 16:28:06 | INFO     | __main__:run:293 - ============================================================
2025-12-17 16:28:06 | INFO     | __main__:run:296 - [1/13]
2025-12-17 16:28:06 | INFO     | __main__:scrape_programs_for_category:195 - 开始爬取栏目: http://www.hawh.cn/hawh/audioVisual/lecture/tradition/index.html
2025-12-17 16:28:08 | INFO     | __main__:scrape_programs_for_category:210 - 第 1 页抓取完成，找到 12 个节目
2025-12-17 16:28:08 | INFO     | __main__:scrape_programs_for_category:222 - 检测到分页组件，最大页数为: 3
2025-12-17 16:28:08 | INFO     | __main__:scrape_programs_for_category:237 - 正在爬取第 2/3 页: http://www.hawh.cn/hawh/audioVisual/lecture/tradition/index.html?pageIndex=2
2025-12-17 16:28:11 | INFO     | __main__:scrape_programs_for_category:247 - 第 2 页抓取完成，新增 12 个节目
2025-12-17 16:28:11 | INFO     | __main__:scrape_programs_for_category:237 - 正在爬取第 3/3 页: http://www.hawh.cn/hawh/audioVisual/lecture/tradition/index.html?pageIndex=3
2025-12-17 16:28:14 | INFO     | __main__:scrape_programs_for_category:247 - 第 3 页抓取完成，新增 6 个节目
2025-12-17 16:28:14 | INFO     | __main__:scrape_programs_for_category:259 - 栏目爬取结束，总共发现 30 个节目
2025-12-17 16:28:14 | INFO     | __main__:run:296 - [2/13]
2025-12-17 16:28:14 | INFO     | __main__:scrape_programs_for_category:195 - 开始爬取栏目: http://www.hawh.cn/hawh/audioVisual/cultural/world/index.html
2025-12-17 16:28:15 | INFO     | __main__:scrape_programs_for_category:210 - 第 1 页抓取完成，找到 0 个节目
2025-12-17 16:28:15 | INFO     | __main__:scrape_programs_for_category:222 - 检测到分页组件，最大页数为: 4
2025-12-17 16:28:15 | INFO     | __main__:scrape_programs_for_category:237 - 正在爬取第 2/4 页: http://www.hawh.cn/hawh/audioVisual/cultural/world/index.html?pageIndex=2
2025-12-17 16:28:17 | INFO     | __main__:scrape_programs_for_category:247 - 第 2 页抓取完成，新增 0 个节目
2025-12-17 16:28:17 | INFO     | __main__:scrape_programs_for_category:237 - 正在爬取第 3/4 页: http://www.hawh.cn/hawh/audioVisual/cultural/world/index.html?pageIndex=3
2025-12-17 16:28:19 | INFO     | __main__:scrape_programs_for_category:247 - 第 3 页抓取完成，新增 0 个节目
2025-12-17 16:28:19 | INFO     | __main__:scrape_programs_for_category:237 - 正在爬取第 4/4 页: http://www.hawh.cn/hawh/audioVisual/cultural/world/index.html?pageIndex=4
2025-12-17 16:28:21 | INFO     | __main__:scrape_programs_for_category:247 - 第 4 页抓取完成，新增 0 个节目
2025-12-17 16:28:21 | INFO     | __main__:scrape_programs_for_category:259 - 栏目爬取结束，总共发现 0 个节目
2025-12-17 16:28:21 | INFO     | __main__:run:296 - [3/13]
2025-12-17 16:28:21 | INFO     | __main__:scrape_programs_for_category:195 - 开始爬取栏目: http://www.hawh.cn/hawh/audioVisual/cultural/essence/index.html
2025-12-17 16:28:23 | INFO     | __main__:scrape_programs_for_category:210 - 第 1 页抓取完成，找到 0 个节目
2025-12-17 16:28:23 | INFO     | __main__:scrape_programs_for_category:222 - 检测到分页组件，最大页数为: 4
2025-12-17 16:28:23 | INFO     | __main__:scrape_programs_for_category:237 - 正在爬取第 2/4 页: http://www.hawh.cn/hawh/audioVisual/cultural/essence/index.html?pageIndex=2
2025-12-17 16:28:25 | INFO     | __main__:scrape_programs_for_category:247 - 第 2 页抓取完成，新增 0 个节目
2025-12-17 16:28:25 | INFO     | __main__:scrape_programs_for_category:237 - 正在爬取第 3/4 页: http://www.hawh.cn/hawh/audioVisual/cultural/essence/index.html?pageIndex=3
2025-12-17 16:28:27 | INFO     | __main__:scrape_programs_for_category:247 - 第 3 页抓取完成，新增 0 个节目
2025-12-17 16:28:27 | INFO     | __main__:scrape_programs_for_category:237 - 正在爬取第 4/4 页: http://www.hawh.cn/hawh/audioVisual/cultural/essence/index.html?pageIndex=4
2025-12-17 16:28:29 | INFO     | __main__:scrape_programs_for_category:247 - 第 4 页抓取完成，新增 0 个节目
2025-12-17 16:28:29 | INFO     | __main__:scrape_programs_for_category:259 - 栏目爬取结束，总共发现 0 个节目
2025-12-17 16:28:29 | INFO     | __main__:run:296 - [4/13]
2025-12-17 16:28:29 | INFO     | __main__:scrape_programs_for_category:195 - 开始爬取栏目: http://www.hawh.cn/hawh/audioVisual/lecture/topic/index.html
2025-12-17 16:28:31 | INFO     | __main__:scrape_programs_for_category:210 - 第 1 页抓取完成，找到 12 个节目
2025-12-17 16:28:31 | INFO     | __main__:scrape_programs_for_category:222 - 检测到分页组件，最大页数为: 3
2025-12-17 16:28:31 | INFO     | __main__:scrape_programs_for_category:237 - 正在爬取第 2/3 页: http://www.hawh.cn/hawh/audioVisual/lecture/topic/index.html?pageIndex=2
2025-12-17 16:28:33 | INFO     | __main__:scrape_programs_for_category:247 - 第 2 页抓取完成，新增 12 个节目
2025-12-17 16:28:33 | INFO     | __main__:scrape_programs_for_category:237 - 正在爬取第 3/3 页: http://www.hawh.cn/hawh/audioVisual/lecture/topic/index.html?pageIndex=3
2025-12-17 16:28:35 | INFO     | __main__:scrape_programs_for_category:247 - 第 3 页抓取完成，新增 8 个节目
2025-12-17 16:28:35 | INFO     | __main__:scrape_programs_for_category:259 - 栏目爬取结束，总共发现 32 个节目
2025-12-17 16:28:35 | INFO     | __main__:run:296 - [5/13]
2025-12-17 16:28:35 | INFO     | __main__:scrape_programs_for_category:195 - 开始爬取栏目: http://www.hawh.cn/hawh/audioVisual/dynamic/index.html
2025-12-17 16:28:36 | INFO     | __main__:scrape_programs_for_category:210 - 第 1 页抓取完成，找到 0 个节目
2025-12-17 16:28:37 | INFO     | __main__:scrape_programs_for_category:222 - 检测到分页组件，最大页数为: 1
2025-12-17 16:28:37 | INFO     | __main__:scrape_programs_for_category:259 - 栏目爬取结束，总共发现 0 个节目
2025-12-17 16:28:37 | INFO     | __main__:run:296 - [6/13]
2025-12-17 16:28:37 | INFO     | __main__:scrape_programs_for_category:195 - 开始爬取栏目: http://www.hawh.cn/hawh/audioVisual/lecture/interview/index.html
2025-12-17 16:28:38 | INFO     | __main__:scrape_programs_for_category:210 - 第 1 页抓取完成，找到 12 个节目
2025-12-17 16:28:38 | INFO     | __main__:scrape_programs_for_category:222 - 检测到分页组件，最大页数为: 3
2025-12-17 16:28:38 | INFO     | __main__:scrape_programs_for_category:237 - 正在爬取第 2/3 页: http://www.hawh.cn/hawh/audioVisual/lecture/interview/index.html?pageIndex=2
2025-12-17 16:28:40 | INFO     | __main__:scrape_programs_for_category:247 - 第 2 页抓取完成，新增 12 个节目
2025-12-17 16:28:40 | INFO     | __main__:scrape_programs_for_category:237 - 正在爬取第 3/3 页: http://www.hawh.cn/hawh/audioVisual/lecture/interview/index.html?pageIndex=3
2025-12-17 16:28:42 | INFO     | __main__:scrape_programs_for_category:247 - 第 3 页抓取完成，新增 1 个节目
2025-12-17 16:28:42 | INFO     | __main__:scrape_programs_for_category:259 - 栏目爬取结束，总共发现 25 个节目
2025-12-17 16:28:42 | INFO     | __main__:run:296 - [7/13]
2025-12-17 16:28:42 | INFO     | __main__:scrape_programs_for_category:195 - 开始爬取栏目: http://www.hawh.cn/hawh/audioVisual/classic/foreign/index.html
2025-12-17 16:28:44 | INFO     | __main__:scrape_programs_for_category:210 - 第 1 页抓取完成，找到 12 个节目
2025-12-17 16:28:44 | INFO     | __main__:scrape_programs_for_category:222 - 检测到分页组件，最大页数为: 2
2025-12-17 16:28:44 | INFO     | __main__:scrape_programs_for_category:237 - 正在爬取第 2/2 页: http://www.hawh.cn/hawh/audioVisual/classic/foreign/index.html?pageIndex=2
2025-12-17 16:28:46 | INFO     | __main__:scrape_programs_for_category:247 - 第 2 页抓取完成，新增 12 个节目
2025-12-17 16:28:46 | INFO     | __main__:scrape_programs_for_category:259 - 栏目爬取结束，总共发现 24 个节目
2025-12-17 16:28:46 | INFO     | __main__:run:296 - [8/13]
2025-12-17 16:28:46 | INFO     | __main__:scrape_programs_for_category:195 - 开始爬取栏目: http://www.hawh.cn/hawh/audioVisual/classic/share/index.html
2025-12-17 16:28:48 | INFO     | __main__:scrape_programs_for_category:210 - 第 1 页抓取完成，找到 11 个节目
2025-12-17 16:28:48 | INFO     | __main__:scrape_programs_for_category:222 - 检测到分页组件，最大页数为: 1
2025-12-17 16:28:48 | INFO     | __main__:scrape_programs_for_category:259 - 栏目爬取结束，总共发现 11 个节目
2025-12-17 16:28:48 | INFO     | __main__:run:296 - [9/13]
2025-12-17 16:28:48 | INFO     | __main__:scrape_programs_for_category:195 - 开始爬取栏目: http://www.hawh.cn/hawh/audioVisual/art/heritage/index.html
2025-12-17 16:28:50 | INFO     | __main__:scrape_programs_for_category:210 - 第 1 页抓取完成，找到 12 个节目
2025-12-17 16:28:50 | INFO     | __main__:scrape_programs_for_category:222 - 检测到分页组件，最大页数为: 3
2025-12-17 16:28:50 | INFO     | __main__:scrape_programs_for_category:237 - 正在爬取第 2/3 页: http://www.hawh.cn/hawh/audioVisual/art/heritage/index.html?pageIndex=2
2025-12-17 16:28:52 | INFO     | __main__:scrape_programs_for_category:247 - 第 2 页抓取完成，新增 12 个节目
2025-12-17 16:28:52 | INFO     | __main__:scrape_programs_for_category:237 - 正在爬取第 3/3 页: http://www.hawh.cn/hawh/audioVisual/art/heritage/index.html?pageIndex=3
2025-12-17 16:28:54 | INFO     | __main__:scrape_programs_for_category:247 - 第 3 页抓取完成，新增 5 个节目
2025-12-17 16:28:54 | INFO     | __main__:scrape_programs_for_category:259 - 栏目爬取结束，总共发现 29 个节目
2025-12-17 16:28:54 | INFO     | __main__:run:296 - [10/13]
2025-12-17 16:28:54 | INFO     | __main__:scrape_programs_for_category:195 - 开始爬取栏目: http://www.hawh.cn/hawh/audioVisual/classic/domestic/index.html
2025-12-17 16:28:56 | INFO     | __main__:scrape_programs_for_category:210 - 第 1 页抓取完成，找到 12 个节目
2025-12-17 16:28:56 | INFO     | __main__:scrape_programs_for_category:222 - 检测到分页组件，最大页数为: 7
2025-12-17 16:28:56 | INFO     | __main__:scrape_programs_for_category:237 - 正在爬取第 2/7 页: http://www.hawh.cn/hawh/audioVisual/classic/domestic/index.html?pageIndex=2
2025-12-17 16:28:58 | INFO     | __main__:scrape_programs_for_category:247 - 第 2 页抓取完成，新增 12 个节目
2025-12-17 16:28:58 | INFO     | __main__:scrape_programs_for_category:237 - 正在爬取第 3/7 页: http://www.hawh.cn/hawh/audioVisual/classic/domestic/index.html?pageIndex=3
2025-12-17 16:29:00 | INFO     | __main__:scrape_programs_for_category:247 - 第 3 页抓取完成，新增 12 个节目
2025-12-17 16:29:00 | INFO     | __main__:scrape_programs_for_category:237 - 正在爬取第 4/7 页: http://www.hawh.cn/hawh/audioVisual/classic/domestic/index.html?pageIndex=4
2025-12-17 16:29:01 | INFO     | __main__:scrape_programs_for_category:247 - 第 4 页抓取完成，新增 12 个节目
2025-12-17 16:29:01 | INFO     | __main__:scrape_programs_for_category:237 - 正在爬取第 5/7 页: http://www.hawh.cn/hawh/audioVisual/classic/domestic/index.html?pageIndex=5
2025-12-17 16:29:04 | INFO     | __main__:scrape_programs_for_category:247 - 第 5 页抓取完成，新增 12 个节目
2025-12-17 16:29:04 | INFO     | __main__:scrape_programs_for_category:237 - 正在爬取第 6/7 页: http://www.hawh.cn/hawh/audioVisual/classic/domestic/index.html?pageIndex=6
2025-12-17 16:29:05 | INFO     | __main__:scrape_programs_for_category:247 - 第 6 页抓取完成，新增 12 个节目
2025-12-17 16:29:05 | INFO     | __main__:scrape_programs_for_category:237 - 正在爬取第 7/7 页: http://www.hawh.cn/hawh/audioVisual/classic/domestic/index.html?pageIndex=7
2025-12-17 16:29:07 | INFO     | __main__:scrape_programs_for_category:247 - 第 7 页抓取完成，新增 9 个节目
2025-12-17 16:29:07 | INFO     | __main__:scrape_programs_for_category:259 - 栏目爬取结束，总共发现 81 个节目
2025-12-17 16:29:07 | INFO     | __main__:run:296 - [11/13]
2025-12-17 16:29:07 | INFO     | __main__:scrape_programs_for_category:195 - 开始爬取栏目: http://www.hawh.cn/hawh/audioVisual/cultural/centralPlains/index.html
2025-12-17 16:29:09 | INFO     | __main__:scrape_programs_for_category:210 - 第 1 页抓取完成，找到 0 个节目
2025-12-17 16:29:09 | INFO     | __main__:scrape_programs_for_category:222 - 检测到分页组件，最大页数为: 1
2025-12-17 16:29:09 | INFO     | __main__:scrape_programs_for_category:259 - 栏目爬取结束，总共发现 0 个节目
2025-12-17 16:29:09 | INFO     | __main__:run:296 - [12/13]
2025-12-17 16:29:09 | INFO     | __main__:scrape_programs_for_category:195 - 开始爬取栏目: http://www.hawh.cn/hawh/audioVisual/art/drama/index.html
2025-12-17 16:29:11 | INFO     | __main__:scrape_programs_for_category:210 - 第 1 页抓取完成，找到 12 个节目
2025-12-17 16:29:11 | INFO     | __main__:scrape_programs_for_category:222 - 检测到分页组件，最大页数为: 5
2025-12-17 16:29:11 | INFO     | __main__:scrape_programs_for_category:237 - 正在爬取第 2/5 页: http://www.hawh.cn/hawh/audioVisual/art/drama/index.html?pageIndex=2
2025-12-17 16:29:13 | INFO     | __main__:scrape_programs_for_category:247 - 第 2 页抓取完成，新增 12 个节目
2025-12-17 16:29:13 | INFO     | __main__:scrape_programs_for_category:237 - 正在爬取第 3/5 页: http://www.hawh.cn/hawh/audioVisual/art/drama/index.html?pageIndex=3
2025-12-17 16:29:14 | INFO     | __main__:scrape_programs_for_category:247 - 第 3 页抓取完成，新增 12 个节目
2025-12-17 16:29:14 | INFO     | __main__:scrape_programs_for_category:237 - 正在爬取第 4/5 页: http://www.hawh.cn/hawh/audioVisual/art/drama/index.html?pageIndex=4
2025-12-17 16:29:16 | INFO     | __main__:scrape_programs_for_category:247 - 第 4 页抓取完成，新增 12 个节目
2025-12-17 16:29:16 | INFO     | __main__:scrape_programs_for_category:237 - 正在爬取第 5/5 页: http://www.hawh.cn/hawh/audioVisual/art/drama/index.html?pageIndex=5
2025-12-17 16:29:18 | INFO     | __main__:scrape_programs_for_category:247 - 第 5 页抓取完成，新增 12 个节目
2025-12-17 16:29:18 | INFO     | __main__:scrape_programs_for_category:259 - 栏目爬取结束，总共发现 60 个节目
2025-12-17 16:29:18 | INFO     | __main__:run:296 - [13/13]
2025-12-17 16:29:18 | INFO     | __main__:scrape_programs_for_category:195 - 开始爬取栏目: http://www.hawh.cn/hawh/audioVisual/art/acrobatics/index.html
2025-12-17 16:29:20 | INFO     | __main__:scrape_programs_for_category:210 - 第 1 页抓取完成，找到 12 个节目
2025-12-17 16:29:20 | INFO     | __main__:scrape_programs_for_category:222 - 检测到分页组件，最大页数为: 5
2025-12-17 16:29:20 | INFO     | __main__:scrape_programs_for_category:237 - 正在爬取第 2/5 页: http://www.hawh.cn/hawh/audioVisual/art/acrobatics/index.html?pageIndex=2
2025-12-17 16:29:22 | INFO     | __main__:scrape_programs_for_category:247 - 第 2 页抓取完成，新增 12 个节目
2025-12-17 16:29:22 | INFO     | __main__:scrape_programs_for_category:237 - 正在爬取第 3/5 页: http://www.hawh.cn/hawh/audioVisual/art/acrobatics/index.html?pageIndex=3
2025-12-17 16:29:24 | INFO     | __main__:scrape_programs_for_category:247 - 第 3 页抓取完成，新增 12 个节目
2025-12-17 16:29:24 | INFO     | __main__:scrape_programs_for_category:237 - 正在爬取第 4/5 页: http://www.hawh.cn/hawh/audioVisual/art/acrobatics/index.html?pageIndex=4
2025-12-17 16:29:25 | INFO     | __main__:scrape_programs_for_category:247 - 第 4 页抓取完成，新增 12 个节目
2025-12-17 16:29:25 | INFO     | __main__:scrape_programs_for_category:237 - 正在爬取第 5/5 页: http://www.hawh.cn/hawh/audioVisual/art/acrobatics/index.html?pageIndex=5
2025-12-17 16:29:27 | INFO     | __main__:scrape_programs_for_category:247 - 第 5 页抓取完成，新增 4 个节目
2025-12-17 16:29:27 | INFO     | __main__:scrape_programs_for_category:259 - 栏目爬取结束，总共发现 52 个节目
2025-12-17 16:29:46 | INFO     | __main__:run:302 - ============================================================
2025-12-17 16:29:46 | INFO     | __main__:run:303 - 🎬 正在获取节目详情和媒体链接
2025-12-17 16:29:46 | INFO     | __main__:run:304 - ============================================================
2025-12-17 16:29:48 | ERROR    | __main__:run:320 - 爬取过程出错: expected string or bytes-like object, got 'CrawlResult'
2025-12-17 16:30:24 | INFO     | __main__:run:279 - ============================================================
2025-12-17 16:30:24 | INFO     | __main__:run:280 - 🚀 HAWH媒体爬虫启动
2025-12-17 16:30:24 | INFO     | __main__:run:281 - ============================================================
2025-12-17 16:30:24 | INFO     | __main__:scrape_categories:135 - 开始爬取栏目信息...
2025-12-17 16:30:26 | INFO     | __main__:scrape_categories:142 - 发现 13 个栏目
2025-12-17 16:30:26 | INFO     | __main__:run:291 - ============================================================
2025-12-17 16:30:26 | INFO     | __main__:run:292 - 📺 开始爬取 13 个栏目的节目
2025-12-17 16:30:26 | INFO     | __main__:run:293 - ============================================================
2025-12-17 16:30:26 | INFO     | __main__:run:296 - [1/13]
2025-12-17 16:30:26 | INFO     | __main__:scrape_programs_for_category:195 - 开始爬取栏目: http://www.hawh.cn/hawh/audioVisual/lecture/interview/index.html
2025-12-17 16:30:28 | INFO     | __main__:scrape_programs_for_category:210 - 第 1 页抓取完成，找到 12 个节目
2025-12-17 16:30:28 | INFO     | __main__:scrape_programs_for_category:222 - 检测到分页组件，最大页数为: 3
2025-12-17 16:30:28 | INFO     | __main__:scrape_programs_for_category:237 - 正在爬取第 2/3 页: http://www.hawh.cn/hawh/audioVisual/lecture/interview/index.html?pageIndex=2
2025-12-17 16:30:30 | INFO     | __main__:scrape_programs_for_category:247 - 第 2 页抓取完成，新增 12 个节目
2025-12-17 16:30:30 | INFO     | __main__:scrape_programs_for_category:237 - 正在爬取第 3/3 页: http://www.hawh.cn/hawh/audioVisual/lecture/interview/index.html?pageIndex=3
2025-12-17 16:30:32 | INFO     | __main__:scrape_programs_for_category:247 - 第 3 页抓取完成，新增 1 个节目
2025-12-17 16:30:32 | INFO     | __main__:scrape_programs_for_category:259 - 栏目爬取结束，总共发现 25 个节目
2025-12-17 16:30:32 | INFO     | __main__:run:296 - [2/13]
2025-12-17 16:30:32 | INFO     | __main__:scrape_programs_for_category:195 - 开始爬取栏目: http://www.hawh.cn/hawh/audioVisual/classic/domestic/index.html
2025-12-17 16:30:34 | INFO     | __main__:scrape_programs_for_category:210 - 第 1 页抓取完成，找到 12 个节目
2025-12-17 16:30:34 | INFO     | __main__:scrape_programs_for_category:222 - 检测到分页组件，最大页数为: 7
2025-12-17 16:30:34 | INFO     | __main__:scrape_programs_for_category:237 - 正在爬取第 2/7 页: http://www.hawh.cn/hawh/audioVisual/classic/domestic/index.html?pageIndex=2
2025-12-17 16:30:36 | INFO     | __main__:scrape_programs_for_category:247 - 第 2 页抓取完成，新增 12 个节目
2025-12-17 16:30:36 | INFO     | __main__:scrape_programs_for_category:237 - 正在爬取第 3/7 页: http://www.hawh.cn/hawh/audioVisual/classic/domestic/index.html?pageIndex=3
2025-12-17 16:30:38 | INFO     | __main__:scrape_programs_for_category:247 - 第 3 页抓取完成，新增 12 个节目
2025-12-17 16:30:38 | INFO     | __main__:scrape_programs_for_category:237 - 正在爬取第 4/7 页: http://www.hawh.cn/hawh/audioVisual/classic/domestic/index.html?pageIndex=4
2025-12-17 16:30:40 | INFO     | __main__:scrape_programs_for_category:247 - 第 4 页抓取完成，新增 12 个节目
2025-12-17 16:30:40 | INFO     | __main__:scrape_programs_for_category:237 - 正在爬取第 5/7 页: http://www.hawh.cn/hawh/audioVisual/classic/domestic/index.html?pageIndex=5
2025-12-17 16:30:41 | INFO     | __main__:scrape_programs_for_category:247 - 第 5 页抓取完成，新增 12 个节目
2025-12-17 16:30:41 | INFO     | __main__:scrape_programs_for_category:237 - 正在爬取第 6/7 页: http://www.hawh.cn/hawh/audioVisual/classic/domestic/index.html?pageIndex=6
2025-12-17 16:30:43 | INFO     | __main__:scrape_programs_for_category:247 - 第 6 页抓取完成，新增 12 个节目
2025-12-17 16:30:43 | INFO     | __main__:scrape_programs_for_category:237 - 正在爬取第 7/7 页: http://www.hawh.cn/hawh/audioVisual/classic/domestic/index.html?pageIndex=7
2025-12-17 16:30:45 | INFO     | __main__:scrape_programs_for_category:247 - 第 7 页抓取完成，新增 9 个节目
2025-12-17 16:30:45 | INFO     | __main__:scrape_programs_for_category:259 - 栏目爬取结束，总共发现 81 个节目
2025-12-17 16:30:45 | INFO     | __main__:run:296 - [3/13]
2025-12-17 16:30:45 | INFO     | __main__:scrape_programs_for_category:195 - 开始爬取栏目: http://www.hawh.cn/hawh/audioVisual/classic/foreign/index.html
2025-12-17 16:30:47 | INFO     | __main__:scrape_programs_for_category:210 - 第 1 页抓取完成，找到 12 个节目
2025-12-17 16:30:47 | INFO     | __main__:scrape_programs_for_category:222 - 检测到分页组件，最大页数为: 2
2025-12-17 16:30:47 | INFO     | __main__:scrape_programs_for_category:237 - 正在爬取第 2/2 页: http://www.hawh.cn/hawh/audioVisual/classic/foreign/index.html?pageIndex=2
2025-12-17 16:30:49 | INFO     | __main__:scrape_programs_for_category:247 - 第 2 页抓取完成，新增 12 个节目
2025-12-17 16:30:49 | INFO     | __main__:scrape_programs_for_category:259 - 栏目爬取结束，总共发现 24 个节目
2025-12-17 16:30:49 | INFO     | __main__:run:296 - [4/13]
2025-12-17 16:30:49 | INFO     | __main__:scrape_programs_for_category:195 - 开始爬取栏目: http://www.hawh.cn/hawh/audioVisual/cultural/world/index.html
2025-12-17 16:30:51 | INFO     | __main__:scrape_programs_for_category:210 - 第 1 页抓取完成，找到 0 个节目
2025-12-17 16:30:51 | INFO     | __main__:scrape_programs_for_category:222 - 检测到分页组件，最大页数为: 4
2025-12-17 16:30:51 | INFO     | __main__:scrape_programs_for_category:237 - 正在爬取第 2/4 页: http://www.hawh.cn/hawh/audioVisual/cultural/world/index.html?pageIndex=2
2025-12-17 16:30:53 | INFO     | __main__:scrape_programs_for_category:247 - 第 2 页抓取完成，新增 0 个节目
2025-12-17 16:30:53 | INFO     | __main__:scrape_programs_for_category:237 - 正在爬取第 3/4 页: http://www.hawh.cn/hawh/audioVisual/cultural/world/index.html?pageIndex=3
2025-12-17 16:30:54 | INFO     | __main__:scrape_programs_for_category:247 - 第 3 页抓取完成，新增 0 个节目
2025-12-17 16:30:54 | INFO     | __main__:scrape_programs_for_category:237 - 正在爬取第 4/4 页: http://www.hawh.cn/hawh/audioVisual/cultural/world/index.html?pageIndex=4
2025-12-17 16:34:13 | INFO     | __main__:run:310 - ============================================================
2025-12-17 16:34:13 | INFO     | __main__:run:311 - 🚀 HAWH媒体爬虫启动
2025-12-17 16:34:13 | INFO     | __main__:run:312 - ============================================================
2025-12-17 16:34:13 | INFO     | __main__:scrape_categories:135 - 开始爬取栏目信息...
2025-12-17 16:34:15 | INFO     | __main__:scrape_categories:142 - 发现 13 个栏目
2025-12-17 16:34:15 | INFO     | __main__:run:322 - ============================================================
2025-12-17 16:34:15 | INFO     | __main__:run:323 - 📺 开始爬取 13 个栏目的节目
2025-12-17 16:34:15 | INFO     | __main__:run:324 - ============================================================
2025-12-17 16:34:15 | INFO     | __main__:run:327 - [1/13]
2025-12-17 16:34:15 | INFO     | __main__:scrape_programs_for_category:243 - 开始爬取栏目: http://www.hawh.cn/hawh/audioVisual/art/drama/index.html
2025-12-17 16:34:16 | ERROR    | __main__:extract_programs_from_html:235 - 解析 HTML 提取节目时出错: name 'urljoin' is not defined
2025-12-17 16:34:16 | INFO     | __main__:scrape_programs_for_category:257 - 第 1 页抓取完成，找到 0 个节目
2025-12-17 16:34:16 | INFO     | __main__:scrape_programs_for_category:267 - 检测到分页组件，最大页数为: 5
2025-12-17 16:34:16 | INFO     | __main__:scrape_programs_for_category:277 - 正在爬取第 2/5 页: http://www.hawh.cn/hawh/audioVisual/art/drama/index.html?pageIndex=2
2025-12-17 16:34:18 | ERROR    | __main__:extract_programs_from_html:235 - 解析 HTML 提取节目时出错: name 'urljoin' is not defined
2025-12-17 16:34:18 | INFO     | __main__:scrape_programs_for_category:277 - 正在爬取第 3/5 页: http://www.hawh.cn/hawh/audioVisual/art/drama/index.html?pageIndex=3
2025-12-17 16:34:20 | ERROR    | __main__:extract_programs_from_html:235 - 解析 HTML 提取节目时出错: name 'urljoin' is not defined
2025-12-17 16:34:20 | INFO     | __main__:scrape_programs_for_category:277 - 正在爬取第 4/5 页: http://www.hawh.cn/hawh/audioVisual/art/drama/index.html?pageIndex=4
2025-12-17 16:34:50 | INFO     | __main__:run:311 - ============================================================
2025-12-17 16:34:50 | INFO     | __main__:run:312 - 🚀 HAWH媒体爬虫启动
2025-12-17 16:34:50 | INFO     | __main__:run:313 - ============================================================
2025-12-17 16:34:50 | INFO     | __main__:scrape_categories:136 - 开始爬取栏目信息...
2025-12-17 16:34:52 | INFO     | __main__:scrape_categories:143 - 发现 13 个栏目
2025-12-17 16:34:52 | INFO     | __main__:run:323 - ============================================================
2025-12-17 16:34:52 | INFO     | __main__:run:324 - 📺 开始爬取 13 个栏目的节目
2025-12-17 16:34:52 | INFO     | __main__:run:325 - ============================================================
2025-12-17 16:34:52 | INFO     | __main__:run:328 - [1/13]
2025-12-17 16:34:52 | INFO     | __main__:scrape_programs_for_category:244 - 开始爬取栏目: http://www.hawh.cn/hawh/audioVisual/classic/domestic/index.html
2025-12-17 16:34:54 | INFO     | __main__:scrape_programs_for_category:258 - 第 1 页抓取完成，找到 12 个节目
2025-12-17 16:34:54 | INFO     | __main__:scrape_programs_for_category:268 - 检测到分页组件，最大页数为: 7
2025-12-17 16:34:54 | INFO     | __main__:scrape_programs_for_category:278 - 正在爬取第 2/7 页: http://www.hawh.cn/hawh/audioVisual/classic/domestic/index.html?pageIndex=2
2025-12-17 16:34:56 | INFO     | __main__:scrape_programs_for_category:278 - 正在爬取第 3/7 页: http://www.hawh.cn/hawh/audioVisual/classic/domestic/index.html?pageIndex=3
2025-12-17 16:34:57 | INFO     | __main__:scrape_programs_for_category:278 - 正在爬取第 4/7 页: http://www.hawh.cn/hawh/audioVisual/classic/domestic/index.html?pageIndex=4
2025-12-17 16:34:59 | INFO     | __main__:scrape_programs_for_category:278 - 正在爬取第 5/7 页: http://www.hawh.cn/hawh/audioVisual/classic/domestic/index.html?pageIndex=5
2025-12-17 16:35:01 | INFO     | __main__:scrape_programs_for_category:278 - 正在爬取第 6/7 页: http://www.hawh.cn/hawh/audioVisual/classic/domestic/index.html?pageIndex=6
2025-12-17 16:35:03 | INFO     | __main__:scrape_programs_for_category:278 - 正在爬取第 7/7 页: http://www.hawh.cn/hawh/audioVisual/classic/domestic/index.html?pageIndex=7
2025-12-17 16:35:05 | INFO     | __main__:scrape_programs_for_category:291 - 栏目爬取结束，总共发现 81 个节目
2025-12-17 16:35:05 | INFO     | __main__:run:328 - [2/13]
2025-12-17 16:35:05 | INFO     | __main__:scrape_programs_for_category:244 - 开始爬取栏目: http://www.hawh.cn/hawh/audioVisual/cultural/world/index.html
2025-12-17 16:35:07 | INFO     | __main__:scrape_programs_for_category:258 - 第 1 页抓取完成，找到 6 个节目
2025-12-17 16:35:07 | INFO     | __main__:scrape_programs_for_category:268 - 检测到分页组件，最大页数为: 4
2025-12-17 16:35:07 | INFO     | __main__:scrape_programs_for_category:278 - 正在爬取第 2/4 页: http://www.hawh.cn/hawh/audioVisual/cultural/world/index.html?pageIndex=2
2025-12-17 16:35:09 | INFO     | __main__:scrape_programs_for_category:278 - 正在爬取第 3/4 页: http://www.hawh.cn/hawh/audioVisual/cultural/world/index.html?pageIndex=3
2025-12-17 16:35:10 | INFO     | __main__:scrape_programs_for_category:278 - 正在爬取第 4/4 页: http://www.hawh.cn/hawh/audioVisual/cultural/world/index.html?pageIndex=4
2025-12-17 16:35:12 | INFO     | __main__:scrape_programs_for_category:291 - 栏目爬取结束，总共发现 21 个节目
2025-12-17 16:35:12 | INFO     | __main__:run:328 - [3/13]
2025-12-17 16:35:12 | INFO     | __main__:scrape_programs_for_category:244 - 开始爬取栏目: http://www.hawh.cn/hawh/audioVisual/lecture/interview/index.html
2025-12-17 16:35:14 | INFO     | __main__:scrape_programs_for_category:258 - 第 1 页抓取完成，找到 12 个节目
2025-12-17 16:35:14 | INFO     | __main__:scrape_programs_for_category:268 - 检测到分页组件，最大页数为: 3
2025-12-17 16:35:14 | INFO     | __main__:scrape_programs_for_category:278 - 正在爬取第 2/3 页: http://www.hawh.cn/hawh/audioVisual/lecture/interview/index.html?pageIndex=2
2025-12-17 16:35:16 | INFO     | __main__:scrape_programs_for_category:278 - 正在爬取第 3/3 页: http://www.hawh.cn/hawh/audioVisual/lecture/interview/index.html?pageIndex=3
2025-12-17 16:35:18 | INFO     | __main__:scrape_programs_for_category:291 - 栏目爬取结束，总共发现 25 个节目
2025-12-17 16:35:18 | INFO     | __main__:run:328 - [4/13]
2025-12-17 16:35:18 | INFO     | __main__:scrape_programs_for_category:244 - 开始爬取栏目: http://www.hawh.cn/hawh/audioVisual/lecture/tradition/index.html
2025-12-17 16:35:20 | INFO     | __main__:scrape_programs_for_category:258 - 第 1 页抓取完成，找到 12 个节目
2025-12-17 16:35:20 | INFO     | __main__:scrape_programs_for_category:268 - 检测到分页组件，最大页数为: 3
2025-12-17 16:35:20 | INFO     | __main__:scrape_programs_for_category:278 - 正在爬取第 2/3 页: http://www.hawh.cn/hawh/audioVisual/lecture/tradition/index.html?pageIndex=2
2025-12-17 16:35:22 | INFO     | __main__:scrape_programs_for_category:278 - 正在爬取第 3/3 页: http://www.hawh.cn/hawh/audioVisual/lecture/tradition/index.html?pageIndex=3
2025-12-17 16:35:24 | INFO     | __main__:scrape_programs_for_category:291 - 栏目爬取结束，总共发现 30 个节目
2025-12-17 16:35:24 | INFO     | __main__:run:328 - [5/13]
2025-12-17 16:35:24 | INFO     | __main__:scrape_programs_for_category:244 - 开始爬取栏目: http://www.hawh.cn/hawh/audioVisual/classic/share/index.html
2025-12-17 16:35:26 | INFO     | __main__:scrape_programs_for_category:258 - 第 1 页抓取完成，找到 11 个节目
2025-12-17 16:35:26 | INFO     | __main__:scrape_programs_for_category:268 - 检测到分页组件，最大页数为: 1
2025-12-17 16:35:26 | INFO     | __main__:scrape_programs_for_category:291 - 栏目爬取结束，总共发现 11 个节目
2025-12-17 16:35:26 | INFO     | __main__:run:328 - [6/13]
2025-12-17 16:35:26 | INFO     | __main__:scrape_programs_for_category:244 - 开始爬取栏目: http://www.hawh.cn/hawh/audioVisual/art/heritage/index.html
2025-12-17 16:35:28 | INFO     | __main__:scrape_programs_for_category:258 - 第 1 页抓取完成，找到 12 个节目
2025-12-17 16:35:28 | INFO     | __main__:scrape_programs_for_category:268 - 检测到分页组件，最大页数为: 3
2025-12-17 16:35:28 | INFO     | __main__:scrape_programs_for_category:278 - 正在爬取第 2/3 页: http://www.hawh.cn/hawh/audioVisual/art/heritage/index.html?pageIndex=2
2025-12-17 16:35:30 | INFO     | __main__:scrape_programs_for_category:278 - 正在爬取第 3/3 页: http://www.hawh.cn/hawh/audioVisual/art/heritage/index.html?pageIndex=3
2025-12-17 16:35:32 | INFO     | __main__:scrape_programs_for_category:291 - 栏目爬取结束，总共发现 29 个节目
2025-12-17 16:35:32 | INFO     | __main__:run:328 - [7/13]
2025-12-17 16:35:32 | INFO     | __main__:scrape_programs_for_category:244 - 开始爬取栏目: http://www.hawh.cn/hawh/audioVisual/art/acrobatics/index.html
2025-12-17 16:35:34 | INFO     | __main__:scrape_programs_for_category:258 - 第 1 页抓取完成，找到 12 个节目
2025-12-17 16:35:34 | INFO     | __main__:scrape_programs_for_category:268 - 检测到分页组件，最大页数为: 5
2025-12-17 16:35:34 | INFO     | __main__:scrape_programs_for_category:278 - 正在爬取第 2/5 页: http://www.hawh.cn/hawh/audioVisual/art/acrobatics/index.html?pageIndex=2
2025-12-17 16:35:36 | INFO     | __main__:scrape_programs_for_category:278 - 正在爬取第 3/5 页: http://www.hawh.cn/hawh/audioVisual/art/acrobatics/index.html?pageIndex=3
2025-12-17 16:35:38 | INFO     | __main__:scrape_programs_for_category:278 - 正在爬取第 4/5 页: http://www.hawh.cn/hawh/audioVisual/art/acrobatics/index.html?pageIndex=4
2025-12-17 16:35:40 | INFO     | __main__:scrape_programs_for_category:278 - 正在爬取第 5/5 页: http://www.hawh.cn/hawh/audioVisual/art/acrobatics/index.html?pageIndex=5
2025-12-17 16:35:42 | INFO     | __main__:scrape_programs_for_category:291 - 栏目爬取结束，总共发现 52 个节目
2025-12-17 16:35:42 | INFO     | __main__:run:328 - [8/13]
2025-12-17 16:35:42 | INFO     | __main__:scrape_programs_for_category:244 - 开始爬取栏目: http://www.hawh.cn/hawh/audioVisual/cultural/centralPlains/index.html
2025-12-17 16:35:44 | INFO     | __main__:scrape_programs_for_category:258 - 第 1 页抓取完成，找到 3 个节目
2025-12-17 16:35:44 | INFO     | __main__:scrape_programs_for_category:268 - 检测到分页组件，最大页数为: 1
2025-12-17 16:35:44 | INFO     | __main__:scrape_programs_for_category:291 - 栏目爬取结束，总共发现 3 个节目
2025-12-17 16:35:44 | INFO     | __main__:run:328 - [9/13]
2025-12-17 16:35:44 | INFO     | __main__:scrape_programs_for_category:244 - 开始爬取栏目: http://www.hawh.cn/hawh/audioVisual/cultural/essence/index.html
2025-12-17 16:35:46 | INFO     | __main__:scrape_programs_for_category:258 - 第 1 页抓取完成，找到 6 个节目
2025-12-17 16:35:46 | INFO     | __main__:scrape_programs_for_category:268 - 检测到分页组件，最大页数为: 4
2025-12-17 16:35:46 | INFO     | __main__:scrape_programs_for_category:278 - 正在爬取第 2/4 页: http://www.hawh.cn/hawh/audioVisual/cultural/essence/index.html?pageIndex=2
2025-12-17 16:35:48 | INFO     | __main__:scrape_programs_for_category:278 - 正在爬取第 3/4 页: http://www.hawh.cn/hawh/audioVisual/cultural/essence/index.html?pageIndex=3
2025-12-17 16:35:50 | INFO     | __main__:scrape_programs_for_category:278 - 正在爬取第 4/4 页: http://www.hawh.cn/hawh/audioVisual/cultural/essence/index.html?pageIndex=4
2025-12-17 16:35:52 | INFO     | __main__:scrape_programs_for_category:291 - 栏目爬取结束，总共发现 19 个节目
2025-12-17 16:35:52 | INFO     | __main__:run:328 - [10/13]
2025-12-17 16:35:52 | INFO     | __main__:scrape_programs_for_category:244 - 开始爬取栏目: http://www.hawh.cn/hawh/audioVisual/dynamic/index.html
2025-12-17 16:35:54 | INFO     | __main__:scrape_programs_for_category:258 - 第 1 页抓取完成，找到 15 个节目
2025-12-17 16:35:54 | INFO     | __main__:scrape_programs_for_category:268 - 检测到分页组件，最大页数为: 1
2025-12-17 16:35:54 | INFO     | __main__:scrape_programs_for_category:291 - 栏目爬取结束，总共发现 15 个节目
2025-12-17 16:35:54 | INFO     | __main__:run:328 - [11/13]
2025-12-17 16:35:54 | INFO     | __main__:scrape_programs_for_category:244 - 开始爬取栏目: http://www.hawh.cn/hawh/audioVisual/classic/foreign/index.html
2025-12-17 16:35:56 | INFO     | __main__:scrape_programs_for_category:258 - 第 1 页抓取完成，找到 12 个节目
2025-12-17 16:35:56 | INFO     | __main__:scrape_programs_for_category:268 - 检测到分页组件，最大页数为: 2
2025-12-17 16:35:56 | INFO     | __main__:scrape_programs_for_category:278 - 正在爬取第 2/2 页: http://www.hawh.cn/hawh/audioVisual/classic/foreign/index.html?pageIndex=2
2025-12-17 16:35:58 | INFO     | __main__:scrape_programs_for_category:291 - 栏目爬取结束，总共发现 24 个节目
2025-12-17 16:35:58 | INFO     | __main__:run:328 - [12/13]
2025-12-17 16:35:58 | INFO     | __main__:scrape_programs_for_category:244 - 开始爬取栏目: http://www.hawh.cn/hawh/audioVisual/art/drama/index.html
2025-12-17 16:36:00 | INFO     | __main__:scrape_programs_for_category:258 - 第 1 页抓取完成，找到 12 个节目
2025-12-17 16:36:00 | INFO     | __main__:scrape_programs_for_category:268 - 检测到分页组件，最大页数为: 5
2025-12-17 16:36:00 | INFO     | __main__:scrape_programs_for_category:278 - 正在爬取第 2/5 页: http://www.hawh.cn/hawh/audioVisual/art/drama/index.html?pageIndex=2
2025-12-17 16:36:01 | INFO     | __main__:scrape_programs_for_category:278 - 正在爬取第 3/5 页: http://www.hawh.cn/hawh/audioVisual/art/drama/index.html?pageIndex=3
2025-12-17 16:36:03 | INFO     | __main__:scrape_programs_for_category:278 - 正在爬取第 4/5 页: http://www.hawh.cn/hawh/audioVisual/art/drama/index.html?pageIndex=4
2025-12-17 16:36:04 | INFO     | __main__:scrape_programs_for_category:278 - 正在爬取第 5/5 页: http://www.hawh.cn/hawh/audioVisual/art/drama/index.html?pageIndex=5
2025-12-17 16:36:06 | INFO     | __main__:scrape_programs_for_category:291 - 栏目爬取结束，总共发现 60 个节目
2025-12-17 16:36:06 | INFO     | __main__:run:328 - [13/13]
2025-12-17 16:36:06 | INFO     | __main__:scrape_programs_for_category:244 - 开始爬取栏目: http://www.hawh.cn/hawh/audioVisual/lecture/topic/index.html
2025-12-17 16:36:08 | INFO     | __main__:scrape_programs_for_category:258 - 第 1 页抓取完成，找到 12 个节目
2025-12-17 16:36:08 | INFO     | __main__:scrape_programs_for_category:268 - 检测到分页组件，最大页数为: 3
2025-12-17 16:36:08 | INFO     | __main__:scrape_programs_for_category:278 - 正在爬取第 2/3 页: http://www.hawh.cn/hawh/audioVisual/lecture/topic/index.html?pageIndex=2
2025-12-17 16:36:10 | INFO     | __main__:scrape_programs_for_category:278 - 正在爬取第 3/3 页: http://www.hawh.cn/hawh/audioVisual/lecture/topic/index.html?pageIndex=3
2025-12-17 16:36:12 | INFO     | __main__:scrape_programs_for_category:291 - 栏目爬取结束，总共发现 32 个节目
2025-12-17 16:36:58 | INFO     | __main__:run:334 - ============================================================
2025-12-17 16:36:58 | INFO     | __main__:run:335 - 🎬 正在获取节目详情和媒体链接
2025-12-17 16:36:59 | INFO     | __main__:run:336 - ============================================================
2025-12-17 16:41:00 | ERROR    | __main__:run:352 - 爬取过程出错: expected string or bytes-like object, got 'CrawlResult'
2025-12-17 16:41:00 | ERROR    | __main__:run:354 - Traceback (most recent call last):
  File "/home/blank/crawl4ai/my_scriptes/hawh_media_sp.py", line 342, in run
    logger.info(f"媒体链接: {media_links_file} ({len(media_data)} 条)")
                ^^^^^^^^^^^^^^^^^^^^^^^^^^^^^^^^^^^^^^
  File "/home/blank/crawl4ai/my_scriptes/hawh_media_sp.py", line 300, in scrape_program_details
    # 4. 保存数据
             ^^^^^
  File "/home/blank/crawl4ai/my_scriptes/hawh_media_sp.py", line 126, in extract_media_urls
    return image_url
                  ^^^
  File "/home/blank/.local/share/uv/python/cpython-3.11.13-linux-x86_64-gnu/lib/python3.11/re/__init__.py", line 223, in finditer
    return _compile(pattern, flags).finditer(string)
           ^^^^^^^^^^^^^^^^^^^^^^^^^^^^^^^^^^^^^^^^^
TypeError: expected string or bytes-like object, got 'CrawlResult'

2025-12-17 16:42:05 | INFO     | __main__:run:269 - ============================================================
2025-12-17 16:42:05 | INFO     | __main__:run:270 - 🚀 HAWH媒体爬虫启动
2025-12-17 16:42:05 | INFO     | __main__:run:271 - ============================================================
2025-12-17 16:42:05 | INFO     | __main__:scrape_categories:92 - 开始爬取栏目信息...
2025-12-17 16:42:07 | INFO     | __main__:scrape_categories:99 - 发现 13 个栏目
2025-12-17 16:42:07 | INFO     | __main__:run:281 - ============================================================
2025-12-17 16:42:07 | INFO     | __main__:run:282 - 📺 开始爬取 13 个栏目的节目
2025-12-17 16:42:07 | INFO     | __main__:run:283 - ============================================================
2025-12-17 16:42:07 | INFO     | __main__:run:286 - [1/13]
2025-12-17 16:42:07 | INFO     | __main__:scrape_programs_for_category:200 - 开始爬取栏目: http://www.hawh.cn/hawh/audioVisual/classic/domestic/index.html
2025-12-17 16:42:09 | INFO     | __main__:scrape_programs_for_category:214 - 第 1 页抓取完成，找到 12 个节目
2025-12-17 16:42:09 | INFO     | __main__:scrape_programs_for_category:224 - 检测到分页组件，最大页数为: 7
2025-12-17 16:42:09 | INFO     | __main__:scrape_programs_for_category:234 - 正在爬取第 2/7 页: http://www.hawh.cn/hawh/audioVisual/classic/domestic/index.html?pageIndex=2
2025-12-17 16:42:11 | INFO     | __main__:scrape_programs_for_category:234 - 正在爬取第 3/7 页: http://www.hawh.cn/hawh/audioVisual/classic/domestic/index.html?pageIndex=3
2025-12-17 16:42:13 | INFO     | __main__:scrape_programs_for_category:234 - 正在爬取第 4/7 页: http://www.hawh.cn/hawh/audioVisual/classic/domestic/index.html?pageIndex=4
2025-12-17 16:42:15 | INFO     | __main__:scrape_programs_for_category:234 - 正在爬取第 5/7 页: http://www.hawh.cn/hawh/audioVisual/classic/domestic/index.html?pageIndex=5
2025-12-17 16:42:17 | INFO     | __main__:scrape_programs_for_category:234 - 正在爬取第 6/7 页: http://www.hawh.cn/hawh/audioVisual/classic/domestic/index.html?pageIndex=6
2025-12-17 16:42:18 | INFO     | __main__:scrape_programs_for_category:234 - 正在爬取第 7/7 页: http://www.hawh.cn/hawh/audioVisual/classic/domestic/index.html?pageIndex=7
2025-12-17 16:42:20 | INFO     | __main__:scrape_programs_for_category:247 - 栏目爬取结束，总共发现 81 个节目
2025-12-17 16:42:20 | INFO     | __main__:run:286 - [2/13]
2025-12-17 16:42:20 | INFO     | __main__:scrape_programs_for_category:200 - 开始爬取栏目: http://www.hawh.cn/hawh/audioVisual/art/acrobatics/index.html
2025-12-17 16:42:22 | INFO     | __main__:scrape_programs_for_category:214 - 第 1 页抓取完成，找到 12 个节目
2025-12-17 16:42:22 | INFO     | __main__:scrape_programs_for_category:224 - 检测到分页组件，最大页数为: 5
2025-12-17 16:42:22 | INFO     | __main__:scrape_programs_for_category:234 - 正在爬取第 2/5 页: http://www.hawh.cn/hawh/audioVisual/art/acrobatics/index.html?pageIndex=2
2025-12-17 16:42:24 | INFO     | __main__:scrape_programs_for_category:234 - 正在爬取第 3/5 页: http://www.hawh.cn/hawh/audioVisual/art/acrobatics/index.html?pageIndex=3
2025-12-17 16:42:26 | INFO     | __main__:scrape_programs_for_category:234 - 正在爬取第 4/5 页: http://www.hawh.cn/hawh/audioVisual/art/acrobatics/index.html?pageIndex=4
2025-12-17 16:42:28 | INFO     | __main__:scrape_programs_for_category:234 - 正在爬取第 5/5 页: http://www.hawh.cn/hawh/audioVisual/art/acrobatics/index.html?pageIndex=5
2025-12-17 16:42:30 | INFO     | __main__:scrape_programs_for_category:247 - 栏目爬取结束，总共发现 52 个节目
2025-12-17 16:42:30 | INFO     | __main__:run:286 - [3/13]
2025-12-17 16:42:30 | INFO     | __main__:scrape_programs_for_category:200 - 开始爬取栏目: http://www.hawh.cn/hawh/audioVisual/lecture/tradition/index.html
2025-12-17 16:42:32 | INFO     | __main__:scrape_programs_for_category:214 - 第 1 页抓取完成，找到 12 个节目
2025-12-17 16:42:32 | INFO     | __main__:scrape_programs_for_category:224 - 检测到分页组件，最大页数为: 3
2025-12-17 16:42:32 | INFO     | __main__:scrape_programs_for_category:234 - 正在爬取第 2/3 页: http://www.hawh.cn/hawh/audioVisual/lecture/tradition/index.html?pageIndex=2
2025-12-17 16:42:34 | INFO     | __main__:scrape_programs_for_category:234 - 正在爬取第 3/3 页: http://www.hawh.cn/hawh/audioVisual/lecture/tradition/index.html?pageIndex=3
2025-12-17 16:42:36 | INFO     | __main__:scrape_programs_for_category:247 - 栏目爬取结束，总共发现 30 个节目
2025-12-17 16:42:36 | INFO     | __main__:run:286 - [4/13]
2025-12-17 16:42:36 | INFO     | __main__:scrape_programs_for_category:200 - 开始爬取栏目: http://www.hawh.cn/hawh/audioVisual/art/drama/index.html
2025-12-17 16:42:38 | INFO     | __main__:scrape_programs_for_category:214 - 第 1 页抓取完成，找到 12 个节目
2025-12-17 16:42:38 | INFO     | __main__:scrape_programs_for_category:224 - 检测到分页组件，最大页数为: 5
2025-12-17 16:42:38 | INFO     | __main__:scrape_programs_for_category:234 - 正在爬取第 2/5 页: http://www.hawh.cn/hawh/audioVisual/art/drama/index.html?pageIndex=2
2025-12-17 16:42:40 | INFO     | __main__:scrape_programs_for_category:234 - 正在爬取第 3/5 页: http://www.hawh.cn/hawh/audioVisual/art/drama/index.html?pageIndex=3
2025-12-17 16:42:42 | INFO     | __main__:scrape_programs_for_category:234 - 正在爬取第 4/5 页: http://www.hawh.cn/hawh/audioVisual/art/drama/index.html?pageIndex=4
2025-12-17 16:42:44 | INFO     | __main__:scrape_programs_for_category:234 - 正在爬取第 5/5 页: http://www.hawh.cn/hawh/audioVisual/art/drama/index.html?pageIndex=5
2025-12-17 16:42:46 | INFO     | __main__:scrape_programs_for_category:247 - 栏目爬取结束，总共发现 60 个节目
2025-12-17 16:42:46 | INFO     | __main__:run:286 - [5/13]
2025-12-17 16:42:46 | INFO     | __main__:scrape_programs_for_category:200 - 开始爬取栏目: http://www.hawh.cn/hawh/audioVisual/classic/foreign/index.html
2025-12-17 16:42:47 | INFO     | __main__:scrape_programs_for_category:214 - 第 1 页抓取完成，找到 12 个节目
2025-12-17 16:42:47 | INFO     | __main__:scrape_programs_for_category:224 - 检测到分页组件，最大页数为: 2
2025-12-17 16:42:47 | INFO     | __main__:scrape_programs_for_category:234 - 正在爬取第 2/2 页: http://www.hawh.cn/hawh/audioVisual/classic/foreign/index.html?pageIndex=2
2025-12-17 16:42:49 | INFO     | __main__:scrape_programs_for_category:247 - 栏目爬取结束，总共发现 24 个节目
2025-12-17 16:42:49 | INFO     | __main__:run:286 - [6/13]
2025-12-17 16:42:49 | INFO     | __main__:scrape_programs_for_category:200 - 开始爬取栏目: http://www.hawh.cn/hawh/audioVisual/cultural/essence/index.html
2025-12-17 16:42:51 | INFO     | __main__:scrape_programs_for_category:214 - 第 1 页抓取完成，找到 6 个节目
2025-12-17 16:42:51 | INFO     | __main__:scrape_programs_for_category:224 - 检测到分页组件，最大页数为: 4
2025-12-17 16:42:51 | INFO     | __main__:scrape_programs_for_category:234 - 正在爬取第 2/4 页: http://www.hawh.cn/hawh/audioVisual/cultural/essence/index.html?pageIndex=2
2025-12-17 16:42:53 | INFO     | __main__:scrape_programs_for_category:234 - 正在爬取第 3/4 页: http://www.hawh.cn/hawh/audioVisual/cultural/essence/index.html?pageIndex=3
2025-12-17 16:42:55 | INFO     | __main__:scrape_programs_for_category:234 - 正在爬取第 4/4 页: http://www.hawh.cn/hawh/audioVisual/cultural/essence/index.html?pageIndex=4
2025-12-17 16:42:57 | INFO     | __main__:scrape_programs_for_category:247 - 栏目爬取结束，总共发现 19 个节目
2025-12-17 16:42:57 | INFO     | __main__:run:286 - [7/13]
2025-12-17 16:42:57 | INFO     | __main__:scrape_programs_for_category:200 - 开始爬取栏目: http://www.hawh.cn/hawh/audioVisual/art/heritage/index.html
2025-12-17 16:42:59 | INFO     | __main__:scrape_programs_for_category:214 - 第 1 页抓取完成，找到 12 个节目
2025-12-17 16:42:59 | INFO     | __main__:scrape_programs_for_category:224 - 检测到分页组件，最大页数为: 3
2025-12-17 16:42:59 | INFO     | __main__:scrape_programs_for_category:234 - 正在爬取第 2/3 页: http://www.hawh.cn/hawh/audioVisual/art/heritage/index.html?pageIndex=2
2025-12-17 16:43:02 | INFO     | __main__:scrape_programs_for_category:234 - 正在爬取第 3/3 页: http://www.hawh.cn/hawh/audioVisual/art/heritage/index.html?pageIndex=3
2025-12-17 16:43:04 | INFO     | __main__:scrape_programs_for_category:247 - 栏目爬取结束，总共发现 29 个节目
2025-12-17 16:43:04 | INFO     | __main__:run:286 - [8/13]
2025-12-17 16:43:04 | INFO     | __main__:scrape_programs_for_category:200 - 开始爬取栏目: http://www.hawh.cn/hawh/audioVisual/cultural/world/index.html
2025-12-17 16:43:05 | INFO     | __main__:scrape_programs_for_category:214 - 第 1 页抓取完成，找到 6 个节目
2025-12-17 16:43:05 | INFO     | __main__:scrape_programs_for_category:224 - 检测到分页组件，最大页数为: 4
2025-12-17 16:43:05 | INFO     | __main__:scrape_programs_for_category:234 - 正在爬取第 2/4 页: http://www.hawh.cn/hawh/audioVisual/cultural/world/index.html?pageIndex=2
2025-12-17 16:43:07 | INFO     | __main__:scrape_programs_for_category:234 - 正在爬取第 3/4 页: http://www.hawh.cn/hawh/audioVisual/cultural/world/index.html?pageIndex=3
2025-12-17 16:43:09 | INFO     | __main__:scrape_programs_for_category:234 - 正在爬取第 4/4 页: http://www.hawh.cn/hawh/audioVisual/cultural/world/index.html?pageIndex=4
2025-12-17 16:43:11 | INFO     | __main__:scrape_programs_for_category:247 - 栏目爬取结束，总共发现 21 个节目
2025-12-17 16:43:11 | INFO     | __main__:run:286 - [9/13]
2025-12-17 16:43:11 | INFO     | __main__:scrape_programs_for_category:200 - 开始爬取栏目: http://www.hawh.cn/hawh/audioVisual/classic/share/index.html
2025-12-17 16:43:13 | INFO     | __main__:scrape_programs_for_category:214 - 第 1 页抓取完成，找到 11 个节目
2025-12-17 16:43:13 | INFO     | __main__:scrape_programs_for_category:224 - 检测到分页组件，最大页数为: 1
2025-12-17 16:43:13 | INFO     | __main__:scrape_programs_for_category:247 - 栏目爬取结束，总共发现 11 个节目
2025-12-17 16:43:13 | INFO     | __main__:run:286 - [10/13]
2025-12-17 16:43:13 | INFO     | __main__:scrape_programs_for_category:200 - 开始爬取栏目: http://www.hawh.cn/hawh/audioVisual/lecture/topic/index.html
2025-12-17 16:43:15 | INFO     | __main__:scrape_programs_for_category:214 - 第 1 页抓取完成，找到 12 个节目
2025-12-17 16:43:15 | INFO     | __main__:scrape_programs_for_category:224 - 检测到分页组件，最大页数为: 3
2025-12-17 16:43:15 | INFO     | __main__:scrape_programs_for_category:234 - 正在爬取第 2/3 页: http://www.hawh.cn/hawh/audioVisual/lecture/topic/index.html?pageIndex=2
2025-12-17 16:43:17 | INFO     | __main__:scrape_programs_for_category:234 - 正在爬取第 3/3 页: http://www.hawh.cn/hawh/audioVisual/lecture/topic/index.html?pageIndex=3
2025-12-17 16:43:18 | INFO     | __main__:scrape_programs_for_category:247 - 栏目爬取结束，总共发现 32 个节目
2025-12-17 16:43:18 | INFO     | __main__:run:286 - [11/13]
2025-12-17 16:43:18 | INFO     | __main__:scrape_programs_for_category:200 - 开始爬取栏目: http://www.hawh.cn/hawh/audioVisual/cultural/centralPlains/index.html
2025-12-17 16:43:20 | INFO     | __main__:scrape_programs_for_category:214 - 第 1 页抓取完成，找到 3 个节目
2025-12-17 16:43:20 | INFO     | __main__:scrape_programs_for_category:224 - 检测到分页组件，最大页数为: 1
2025-12-17 16:43:20 | INFO     | __main__:scrape_programs_for_category:247 - 栏目爬取结束，总共发现 3 个节目
2025-12-17 16:43:20 | INFO     | __main__:run:286 - [12/13]
2025-12-17 16:43:20 | INFO     | __main__:scrape_programs_for_category:200 - 开始爬取栏目: http://www.hawh.cn/hawh/audioVisual/lecture/interview/index.html
2025-12-17 16:43:22 | INFO     | __main__:scrape_programs_for_category:214 - 第 1 页抓取完成，找到 12 个节目
2025-12-17 16:43:22 | INFO     | __main__:scrape_programs_for_category:224 - 检测到分页组件，最大页数为: 3
2025-12-17 16:43:22 | INFO     | __main__:scrape_programs_for_category:234 - 正在爬取第 2/3 页: http://www.hawh.cn/hawh/audioVisual/lecture/interview/index.html?pageIndex=2
2025-12-17 16:43:25 | INFO     | __main__:scrape_programs_for_category:234 - 正在爬取第 3/3 页: http://www.hawh.cn/hawh/audioVisual/lecture/interview/index.html?pageIndex=3
2025-12-17 16:43:26 | INFO     | __main__:scrape_programs_for_category:247 - 栏目爬取结束，总共发现 25 个节目
2025-12-17 16:43:26 | INFO     | __main__:run:286 - [13/13]
2025-12-17 16:43:26 | INFO     | __main__:scrape_programs_for_category:200 - 开始爬取栏目: http://www.hawh.cn/hawh/audioVisual/dynamic/index.html
2025-12-17 16:43:28 | INFO     | __main__:scrape_programs_for_category:214 - 第 1 页抓取完成，找到 15 个节目
2025-12-17 16:43:28 | INFO     | __main__:scrape_programs_for_category:224 - 检测到分页组件，最大页数为: 1
2025-12-17 16:43:28 | INFO     | __main__:scrape_programs_for_category:247 - 栏目爬取结束，总共发现 15 个节目
2025-12-17 16:43:46 | INFO     | __main__:run:292 - ============================================================
2025-12-17 16:43:47 | INFO     | __main__:run:293 - 🎬 正在获取节目详情和媒体链接
2025-12-17 16:43:48 | INFO     | __main__:run:294 - ============================================================
2025-12-17 16:48:12 | INFO     | __main__:run:273 - ============================================================
2025-12-17 16:48:12 | INFO     | __main__:run:274 - 🚀 HAWH媒体爬虫启动
2025-12-17 16:48:12 | INFO     | __main__:run:275 - ============================================================
2025-12-17 16:48:12 | INFO     | __main__:scrape_categories:92 - 开始爬取栏目信息...
2025-12-17 16:48:14 | INFO     | __main__:scrape_categories:99 - 发现 13 个栏目
2025-12-17 16:48:14 | INFO     | __main__:run:285 - ============================================================
2025-12-17 16:48:14 | INFO     | __main__:run:286 - 📺 开始爬取 13 个栏目的节目
2025-12-17 16:48:14 | INFO     | __main__:run:287 - ============================================================
2025-12-17 16:48:14 | INFO     | __main__:run:290 - [1/13]
2025-12-17 16:48:14 | INFO     | __main__:scrape_programs_for_category:200 - 开始爬取栏目: http://www.hawh.cn/hawh/audioVisual/lecture/topic/index.html
2025-12-17 16:48:16 | INFO     | __main__:scrape_programs_for_category:214 - 第 1 页抓取完成，找到 12 个节目
2025-12-17 16:48:16 | INFO     | __main__:scrape_programs_for_category:224 - 检测到分页组件，最大页数为: 3
2025-12-17 16:48:16 | INFO     | __main__:scrape_programs_for_category:234 - 正在爬取第 2/3 页: http://www.hawh.cn/hawh/audioVisual/lecture/topic/index.html?pageIndex=2
2025-12-17 16:48:18 | INFO     | __main__:scrape_programs_for_category:234 - 正在爬取第 3/3 页: http://www.hawh.cn/hawh/audioVisual/lecture/topic/index.html?pageIndex=3
2025-12-17 16:48:19 | INFO     | __main__:scrape_programs_for_category:247 - 栏目爬取结束，总共发现 32 个节目
2025-12-17 16:48:19 | INFO     | __main__:run:290 - [2/13]
2025-12-17 16:48:19 | INFO     | __main__:scrape_programs_for_category:200 - 开始爬取栏目: http://www.hawh.cn/hawh/audioVisual/lecture/tradition/index.html
2025-12-17 16:48:22 | INFO     | __main__:scrape_programs_for_category:214 - 第 1 页抓取完成，找到 12 个节目
2025-12-17 16:48:22 | INFO     | __main__:scrape_programs_for_category:224 - 检测到分页组件，最大页数为: 3
2025-12-17 16:48:22 | INFO     | __main__:scrape_programs_for_category:234 - 正在爬取第 2/3 页: http://www.hawh.cn/hawh/audioVisual/lecture/tradition/index.html?pageIndex=2
2025-12-17 16:48:24 | INFO     | __main__:scrape_programs_for_category:234 - 正在爬取第 3/3 页: http://www.hawh.cn/hawh/audioVisual/lecture/tradition/index.html?pageIndex=3
2025-12-17 16:48:26 | INFO     | __main__:scrape_programs_for_category:247 - 栏目爬取结束，总共发现 30 个节目
2025-12-17 16:48:26 | INFO     | __main__:run:290 - [3/13]
2025-12-17 16:48:26 | INFO     | __main__:scrape_programs_for_category:200 - 开始爬取栏目: http://www.hawh.cn/hawh/audioVisual/dynamic/index.html
2025-12-17 16:48:28 | INFO     | __main__:scrape_programs_for_category:214 - 第 1 页抓取完成，找到 15 个节目
2025-12-17 16:48:28 | INFO     | __main__:scrape_programs_for_category:224 - 检测到分页组件，最大页数为: 1
2025-12-17 16:48:28 | INFO     | __main__:scrape_programs_for_category:247 - 栏目爬取结束，总共发现 15 个节目
2025-12-17 16:48:28 | INFO     | __main__:run:290 - [4/13]
2025-12-17 16:48:28 | INFO     | __main__:scrape_programs_for_category:200 - 开始爬取栏目: http://www.hawh.cn/hawh/audioVisual/cultural/essence/index.html
2025-12-17 16:48:30 | INFO     | __main__:scrape_programs_for_category:214 - 第 1 页抓取完成，找到 6 个节目
2025-12-17 16:48:30 | INFO     | __main__:scrape_programs_for_category:224 - 检测到分页组件，最大页数为: 4
2025-12-17 16:48:30 | INFO     | __main__:scrape_programs_for_category:234 - 正在爬取第 2/4 页: http://www.hawh.cn/hawh/audioVisual/cultural/essence/index.html?pageIndex=2
2025-12-17 16:48:32 | INFO     | __main__:scrape_programs_for_category:234 - 正在爬取第 3/4 页: http://www.hawh.cn/hawh/audioVisual/cultural/essence/index.html?pageIndex=3
2025-12-17 16:48:34 | INFO     | __main__:scrape_programs_for_category:234 - 正在爬取第 4/4 页: http://www.hawh.cn/hawh/audioVisual/cultural/essence/index.html?pageIndex=4
2025-12-17 16:48:36 | INFO     | __main__:scrape_programs_for_category:247 - 栏目爬取结束，总共发现 19 个节目
2025-12-17 16:48:36 | INFO     | __main__:run:290 - [5/13]
2025-12-17 16:48:36 | INFO     | __main__:scrape_programs_for_category:200 - 开始爬取栏目: http://www.hawh.cn/hawh/audioVisual/lecture/interview/index.html
2025-12-17 16:48:38 | INFO     | __main__:scrape_programs_for_category:214 - 第 1 页抓取完成，找到 12 个节目
2025-12-17 16:48:38 | INFO     | __main__:scrape_programs_for_category:224 - 检测到分页组件，最大页数为: 3
2025-12-17 16:48:38 | INFO     | __main__:scrape_programs_for_category:234 - 正在爬取第 2/3 页: http://www.hawh.cn/hawh/audioVisual/lecture/interview/index.html?pageIndex=2
2025-12-17 16:48:40 | INFO     | __main__:scrape_programs_for_category:234 - 正在爬取第 3/3 页: http://www.hawh.cn/hawh/audioVisual/lecture/interview/index.html?pageIndex=3
2025-12-17 16:48:42 | INFO     | __main__:scrape_programs_for_category:247 - 栏目爬取结束，总共发现 25 个节目
2025-12-17 16:48:42 | INFO     | __main__:run:290 - [6/13]
2025-12-17 16:48:42 | INFO     | __main__:scrape_programs_for_category:200 - 开始爬取栏目: http://www.hawh.cn/hawh/audioVisual/classic/foreign/index.html
2025-12-17 16:48:44 | INFO     | __main__:scrape_programs_for_category:214 - 第 1 页抓取完成，找到 12 个节目
2025-12-17 16:48:44 | INFO     | __main__:scrape_programs_for_category:224 - 检测到分页组件，最大页数为: 2
2025-12-17 16:48:44 | INFO     | __main__:scrape_programs_for_category:234 - 正在爬取第 2/2 页: http://www.hawh.cn/hawh/audioVisual/classic/foreign/index.html?pageIndex=2
2025-12-17 16:48:46 | INFO     | __main__:scrape_programs_for_category:247 - 栏目爬取结束，总共发现 24 个节目
2025-12-17 16:48:46 | INFO     | __main__:run:290 - [7/13]
2025-12-17 16:48:46 | INFO     | __main__:scrape_programs_for_category:200 - 开始爬取栏目: http://www.hawh.cn/hawh/audioVisual/art/drama/index.html
2025-12-17 16:48:48 | INFO     | __main__:scrape_programs_for_category:214 - 第 1 页抓取完成，找到 12 个节目
2025-12-17 16:48:48 | INFO     | __main__:scrape_programs_for_category:224 - 检测到分页组件，最大页数为: 5
2025-12-17 16:48:48 | INFO     | __main__:scrape_programs_for_category:234 - 正在爬取第 2/5 页: http://www.hawh.cn/hawh/audioVisual/art/drama/index.html?pageIndex=2
2025-12-17 16:48:50 | INFO     | __main__:scrape_programs_for_category:234 - 正在爬取第 3/5 页: http://www.hawh.cn/hawh/audioVisual/art/drama/index.html?pageIndex=3
2025-12-17 16:48:52 | INFO     | __main__:scrape_programs_for_category:234 - 正在爬取第 4/5 页: http://www.hawh.cn/hawh/audioVisual/art/drama/index.html?pageIndex=4
2025-12-17 16:48:54 | INFO     | __main__:scrape_programs_for_category:234 - 正在爬取第 5/5 页: http://www.hawh.cn/hawh/audioVisual/art/drama/index.html?pageIndex=5
2025-12-17 16:48:56 | INFO     | __main__:scrape_programs_for_category:247 - 栏目爬取结束，总共发现 60 个节目
2025-12-17 16:48:56 | INFO     | __main__:run:290 - [8/13]
2025-12-17 16:48:56 | INFO     | __main__:scrape_programs_for_category:200 - 开始爬取栏目: http://www.hawh.cn/hawh/audioVisual/classic/share/index.html
2025-12-17 16:48:58 | INFO     | __main__:scrape_programs_for_category:214 - 第 1 页抓取完成，找到 11 个节目
2025-12-17 16:48:58 | INFO     | __main__:scrape_programs_for_category:224 - 检测到分页组件，最大页数为: 1
2025-12-17 16:48:58 | INFO     | __main__:scrape_programs_for_category:247 - 栏目爬取结束，总共发现 11 个节目
2025-12-17 16:48:58 | INFO     | __main__:run:290 - [9/13]
2025-12-17 16:48:58 | INFO     | __main__:scrape_programs_for_category:200 - 开始爬取栏目: http://www.hawh.cn/hawh/audioVisual/art/acrobatics/index.html
2025-12-17 16:49:00 | INFO     | __main__:scrape_programs_for_category:214 - 第 1 页抓取完成，找到 12 个节目
2025-12-17 16:49:00 | INFO     | __main__:scrape_programs_for_category:224 - 检测到分页组件，最大页数为: 5
2025-12-17 16:49:00 | INFO     | __main__:scrape_programs_for_category:234 - 正在爬取第 2/5 页: http://www.hawh.cn/hawh/audioVisual/art/acrobatics/index.html?pageIndex=2
2025-12-17 16:49:02 | INFO     | __main__:scrape_programs_for_category:234 - 正在爬取第 3/5 页: http://www.hawh.cn/hawh/audioVisual/art/acrobatics/index.html?pageIndex=3
2025-12-17 16:49:04 | INFO     | __main__:scrape_programs_for_category:234 - 正在爬取第 4/5 页: http://www.hawh.cn/hawh/audioVisual/art/acrobatics/index.html?pageIndex=4
2025-12-17 16:49:05 | INFO     | __main__:scrape_programs_for_category:234 - 正在爬取第 5/5 页: http://www.hawh.cn/hawh/audioVisual/art/acrobatics/index.html?pageIndex=5
2025-12-17 16:49:07 | INFO     | __main__:scrape_programs_for_category:247 - 栏目爬取结束，总共发现 52 个节目
2025-12-17 16:49:07 | INFO     | __main__:run:290 - [10/13]
2025-12-17 16:49:07 | INFO     | __main__:scrape_programs_for_category:200 - 开始爬取栏目: http://www.hawh.cn/hawh/audioVisual/cultural/world/index.html
2025-12-17 16:49:09 | INFO     | __main__:scrape_programs_for_category:214 - 第 1 页抓取完成，找到 6 个节目
2025-12-17 16:49:09 | INFO     | __main__:scrape_programs_for_category:224 - 检测到分页组件，最大页数为: 4
2025-12-17 16:49:09 | INFO     | __main__:scrape_programs_for_category:234 - 正在爬取第 2/4 页: http://www.hawh.cn/hawh/audioVisual/cultural/world/index.html?pageIndex=2
2025-12-17 16:49:11 | INFO     | __main__:scrape_programs_for_category:234 - 正在爬取第 3/4 页: http://www.hawh.cn/hawh/audioVisual/cultural/world/index.html?pageIndex=3
2025-12-17 16:49:13 | INFO     | __main__:scrape_programs_for_category:234 - 正在爬取第 4/4 页: http://www.hawh.cn/hawh/audioVisual/cultural/world/index.html?pageIndex=4
2025-12-17 16:49:15 | INFO     | __main__:scrape_programs_for_category:247 - 栏目爬取结束，总共发现 21 个节目
2025-12-17 16:49:15 | INFO     | __main__:run:290 - [11/13]
2025-12-17 16:49:15 | INFO     | __main__:scrape_programs_for_category:200 - 开始爬取栏目: http://www.hawh.cn/hawh/audioVisual/classic/domestic/index.html
2025-12-17 16:49:17 | INFO     | __main__:scrape_programs_for_category:214 - 第 1 页抓取完成，找到 12 个节目
2025-12-17 16:49:17 | INFO     | __main__:scrape_programs_for_category:224 - 检测到分页组件，最大页数为: 7
2025-12-17 16:49:17 | INFO     | __main__:scrape_programs_for_category:234 - 正在爬取第 2/7 页: http://www.hawh.cn/hawh/audioVisual/classic/domestic/index.html?pageIndex=2
2025-12-17 16:49:19 | INFO     | __main__:scrape_programs_for_category:234 - 正在爬取第 3/7 页: http://www.hawh.cn/hawh/audioVisual/classic/domestic/index.html?pageIndex=3
2025-12-17 16:49:21 | INFO     | __main__:scrape_programs_for_category:234 - 正在爬取第 4/7 页: http://www.hawh.cn/hawh/audioVisual/classic/domestic/index.html?pageIndex=4
2025-12-17 16:49:24 | INFO     | __main__:scrape_programs_for_category:234 - 正在爬取第 5/7 页: http://www.hawh.cn/hawh/audioVisual/classic/domestic/index.html?pageIndex=5
2025-12-17 16:49:25 | INFO     | __main__:scrape_programs_for_category:234 - 正在爬取第 6/7 页: http://www.hawh.cn/hawh/audioVisual/classic/domestic/index.html?pageIndex=6
2025-12-17 16:49:28 | INFO     | __main__:scrape_programs_for_category:234 - 正在爬取第 7/7 页: http://www.hawh.cn/hawh/audioVisual/classic/domestic/index.html?pageIndex=7
2025-12-17 16:49:30 | INFO     | __main__:scrape_programs_for_category:247 - 栏目爬取结束，总共发现 81 个节目
2025-12-17 16:49:30 | INFO     | __main__:run:290 - [12/13]
2025-12-17 16:49:30 | INFO     | __main__:scrape_programs_for_category:200 - 开始爬取栏目: http://www.hawh.cn/hawh/audioVisual/art/heritage/index.html
2025-12-17 16:49:32 | INFO     | __main__:scrape_programs_for_category:214 - 第 1 页抓取完成，找到 12 个节目
2025-12-17 16:49:32 | INFO     | __main__:scrape_programs_for_category:224 - 检测到分页组件，最大页数为: 3
2025-12-17 16:49:32 | INFO     | __main__:scrape_programs_for_category:234 - 正在爬取第 2/3 页: http://www.hawh.cn/hawh/audioVisual/art/heritage/index.html?pageIndex=2
2025-12-17 16:49:34 | INFO     | __main__:scrape_programs_for_category:234 - 正在爬取第 3/3 页: http://www.hawh.cn/hawh/audioVisual/art/heritage/index.html?pageIndex=3
2025-12-17 16:49:35 | INFO     | __main__:scrape_programs_for_category:247 - 栏目爬取结束，总共发现 29 个节目
2025-12-17 16:49:35 | INFO     | __main__:run:290 - [13/13]
2025-12-17 16:49:35 | INFO     | __main__:scrape_programs_for_category:200 - 开始爬取栏目: http://www.hawh.cn/hawh/audioVisual/cultural/centralPlains/index.html
2025-12-17 16:49:37 | INFO     | __main__:scrape_programs_for_category:214 - 第 1 页抓取完成，找到 3 个节目
2025-12-17 16:49:37 | INFO     | __main__:scrape_programs_for_category:224 - 检测到分页组件，最大页数为: 1
2025-12-17 16:49:37 | INFO     | __main__:scrape_programs_for_category:247 - 栏目爬取结束，总共发现 3 个节目
2025-12-17 16:49:44 | INFO     | __main__:run:296 - ============================================================
2025-12-17 16:49:44 | INFO     | __main__:run:297 - 🎬 正在获取节目详情和媒体链接
2025-12-17 16:49:44 | INFO     | __main__:run:298 - ============================================================
2025-12-17 16:53:47 | INFO     | __main__:run:274 - ============================================================
2025-12-17 16:53:47 | INFO     | __main__:run:275 - 🚀 HAWH媒体爬虫启动
2025-12-17 16:53:47 | INFO     | __main__:run:276 - ============================================================
2025-12-17 16:53:47 | INFO     | __main__:scrape_categories:93 - 开始爬取栏目信息...
2025-12-17 16:53:47 | ERROR    | __main__:run:315 - 爬取过程出错: CrawlerRunConfig.__init__() got an unexpected keyword argument 'excluded_selectors'
2025-12-17 16:54:27 | INFO     | __main__:run:274 - ============================================================
2025-12-17 16:54:27 | INFO     | __main__:run:275 - 🚀 HAWH媒体爬虫启动
2025-12-17 16:54:27 | INFO     | __main__:run:276 - ============================================================
2025-12-17 16:54:27 | INFO     | __main__:scrape_categories:93 - 开始爬取栏目信息...
2025-12-17 16:54:29 | INFO     | __main__:scrape_categories:100 - 发现 13 个栏目
2025-12-17 16:54:29 | INFO     | __main__:run:286 - ============================================================
2025-12-17 16:54:29 | INFO     | __main__:run:287 - 📺 开始爬取 13 个栏目的节目
2025-12-17 16:54:29 | INFO     | __main__:run:288 - ============================================================
2025-12-17 16:54:29 | INFO     | __main__:run:291 - [1/13]
2025-12-17 16:54:29 | INFO     | __main__:scrape_programs_for_category:201 - 开始爬取栏目: http://www.hawh.cn/hawh/audioVisual/classic/share/index.html
2025-12-17 16:54:31 | INFO     | __main__:scrape_programs_for_category:215 - 第 1 页抓取完成，找到 11 个节目
2025-12-17 16:54:31 | INFO     | __main__:scrape_programs_for_category:225 - 检测到分页组件，最大页数为: 1
2025-12-17 16:54:31 | INFO     | __main__:scrape_programs_for_category:248 - 栏目爬取结束，总共发现 11 个节目
2025-12-17 16:54:31 | INFO     | __main__:run:291 - [2/13]
2025-12-17 16:54:31 | INFO     | __main__:scrape_programs_for_category:201 - 开始爬取栏目: http://www.hawh.cn/hawh/audioVisual/cultural/world/index.html
2025-12-17 16:54:33 | INFO     | __main__:scrape_programs_for_category:215 - 第 1 页抓取完成，找到 6 个节目
2025-12-17 16:54:33 | INFO     | __main__:scrape_programs_for_category:225 - 检测到分页组件，最大页数为: 4
2025-12-17 16:54:33 | INFO     | __main__:scrape_programs_for_category:235 - 正在爬取第 2/4 页: http://www.hawh.cn/hawh/audioVisual/cultural/world/index.html?pageIndex=2
2025-12-17 16:54:35 | INFO     | __main__:scrape_programs_for_category:235 - 正在爬取第 3/4 页: http://www.hawh.cn/hawh/audioVisual/cultural/world/index.html?pageIndex=3
2025-12-17 16:54:38 | INFO     | __main__:scrape_programs_for_category:235 - 正在爬取第 4/4 页: http://www.hawh.cn/hawh/audioVisual/cultural/world/index.html?pageIndex=4
2025-12-17 16:54:40 | INFO     | __main__:scrape_programs_for_category:248 - 栏目爬取结束，总共发现 21 个节目
2025-12-17 16:54:40 | INFO     | __main__:run:291 - [3/13]
2025-12-17 16:54:40 | INFO     | __main__:scrape_programs_for_category:201 - 开始爬取栏目: http://www.hawh.cn/hawh/audioVisual/lecture/interview/index.html
2025-12-17 16:54:42 | INFO     | __main__:scrape_programs_for_category:215 - 第 1 页抓取完成，找到 12 个节目
2025-12-17 16:54:42 | INFO     | __main__:scrape_programs_for_category:225 - 检测到分页组件，最大页数为: 3
2025-12-17 16:54:42 | INFO     | __main__:scrape_programs_for_category:235 - 正在爬取第 2/3 页: http://www.hawh.cn/hawh/audioVisual/lecture/interview/index.html?pageIndex=2
2025-12-17 16:54:43 | INFO     | __main__:scrape_programs_for_category:235 - 正在爬取第 3/3 页: http://www.hawh.cn/hawh/audioVisual/lecture/interview/index.html?pageIndex=3
2025-12-17 16:54:45 | INFO     | __main__:scrape_programs_for_category:248 - 栏目爬取结束，总共发现 25 个节目
2025-12-17 16:54:45 | INFO     | __main__:run:291 - [4/13]
2025-12-17 16:54:45 | INFO     | __main__:scrape_programs_for_category:201 - 开始爬取栏目: http://www.hawh.cn/hawh/audioVisual/dynamic/index.html
2025-12-17 16:54:47 | INFO     | __main__:scrape_programs_for_category:215 - 第 1 页抓取完成，找到 15 个节目
2025-12-17 16:54:47 | INFO     | __main__:scrape_programs_for_category:225 - 检测到分页组件，最大页数为: 1
2025-12-17 16:54:47 | INFO     | __main__:scrape_programs_for_category:248 - 栏目爬取结束，总共发现 15 个节目
2025-12-17 16:54:47 | INFO     | __main__:run:291 - [5/13]
2025-12-17 16:54:47 | INFO     | __main__:scrape_programs_for_category:201 - 开始爬取栏目: http://www.hawh.cn/hawh/audioVisual/lecture/tradition/index.html
2025-12-17 16:54:49 | INFO     | __main__:scrape_programs_for_category:215 - 第 1 页抓取完成，找到 12 个节目
2025-12-17 16:54:49 | INFO     | __main__:scrape_programs_for_category:225 - 检测到分页组件，最大页数为: 3
2025-12-17 16:54:49 | INFO     | __main__:scrape_programs_for_category:235 - 正在爬取第 2/3 页: http://www.hawh.cn/hawh/audioVisual/lecture/tradition/index.html?pageIndex=2
2025-12-17 16:54:51 | INFO     | __main__:scrape_programs_for_category:235 - 正在爬取第 3/3 页: http://www.hawh.cn/hawh/audioVisual/lecture/tradition/index.html?pageIndex=3
2025-12-17 16:54:53 | INFO     | __main__:scrape_programs_for_category:248 - 栏目爬取结束，总共发现 30 个节目
2025-12-17 16:54:53 | INFO     | __main__:run:291 - [6/13]
2025-12-17 16:54:53 | INFO     | __main__:scrape_programs_for_category:201 - 开始爬取栏目: http://www.hawh.cn/hawh/audioVisual/art/drama/index.html
2025-12-17 16:54:55 | INFO     | __main__:scrape_programs_for_category:215 - 第 1 页抓取完成，找到 12 个节目
2025-12-17 16:54:55 | INFO     | __main__:scrape_programs_for_category:225 - 检测到分页组件，最大页数为: 5
2025-12-17 16:54:55 | INFO     | __main__:scrape_programs_for_category:235 - 正在爬取第 2/5 页: http://www.hawh.cn/hawh/audioVisual/art/drama/index.html?pageIndex=2
2025-12-17 16:54:57 | INFO     | __main__:scrape_programs_for_category:235 - 正在爬取第 3/5 页: http://www.hawh.cn/hawh/audioVisual/art/drama/index.html?pageIndex=3
2025-12-17 16:55:00 | INFO     | __main__:scrape_programs_for_category:235 - 正在爬取第 4/5 页: http://www.hawh.cn/hawh/audioVisual/art/drama/index.html?pageIndex=4
2025-12-17 16:55:02 | INFO     | __main__:scrape_programs_for_category:235 - 正在爬取第 5/5 页: http://www.hawh.cn/hawh/audioVisual/art/drama/index.html?pageIndex=5
2025-12-17 16:55:04 | INFO     | __main__:scrape_programs_for_category:248 - 栏目爬取结束，总共发现 60 个节目
2025-12-17 16:55:04 | INFO     | __main__:run:291 - [7/13]
2025-12-17 16:55:04 | INFO     | __main__:scrape_programs_for_category:201 - 开始爬取栏目: http://www.hawh.cn/hawh/audioVisual/classic/foreign/index.html
2025-12-17 16:55:06 | INFO     | __main__:scrape_programs_for_category:215 - 第 1 页抓取完成，找到 12 个节目
2025-12-17 16:55:06 | INFO     | __main__:scrape_programs_for_category:225 - 检测到分页组件，最大页数为: 2
2025-12-17 16:55:06 | INFO     | __main__:scrape_programs_for_category:235 - 正在爬取第 2/2 页: http://www.hawh.cn/hawh/audioVisual/classic/foreign/index.html?pageIndex=2
2025-12-17 16:55:08 | INFO     | __main__:scrape_programs_for_category:248 - 栏目爬取结束，总共发现 24 个节目
2025-12-17 16:55:08 | INFO     | __main__:run:291 - [8/13]
2025-12-17 16:55:08 | INFO     | __main__:scrape_programs_for_category:201 - 开始爬取栏目: http://www.hawh.cn/hawh/audioVisual/cultural/essence/index.html
2025-12-17 16:55:10 | INFO     | __main__:scrape_programs_for_category:215 - 第 1 页抓取完成，找到 6 个节目
2025-12-17 16:55:10 | INFO     | __main__:scrape_programs_for_category:225 - 检测到分页组件，最大页数为: 4
2025-12-17 16:55:10 | INFO     | __main__:scrape_programs_for_category:235 - 正在爬取第 2/4 页: http://www.hawh.cn/hawh/audioVisual/cultural/essence/index.html?pageIndex=2
2025-12-17 16:55:12 | INFO     | __main__:scrape_programs_for_category:235 - 正在爬取第 3/4 页: http://www.hawh.cn/hawh/audioVisual/cultural/essence/index.html?pageIndex=3
2025-12-17 16:55:14 | INFO     | __main__:scrape_programs_for_category:235 - 正在爬取第 4/4 页: http://www.hawh.cn/hawh/audioVisual/cultural/essence/index.html?pageIndex=4
2025-12-17 16:55:16 | INFO     | __main__:scrape_programs_for_category:248 - 栏目爬取结束，总共发现 19 个节目
2025-12-17 16:55:16 | INFO     | __main__:run:291 - [9/13]
2025-12-17 16:55:16 | INFO     | __main__:scrape_programs_for_category:201 - 开始爬取栏目: http://www.hawh.cn/hawh/audioVisual/classic/domestic/index.html
2025-12-17 16:55:17 | INFO     | __main__:scrape_programs_for_category:215 - 第 1 页抓取完成，找到 12 个节目
2025-12-17 16:55:17 | INFO     | __main__:scrape_programs_for_category:225 - 检测到分页组件，最大页数为: 7
2025-12-17 16:55:17 | INFO     | __main__:scrape_programs_for_category:235 - 正在爬取第 2/7 页: http://www.hawh.cn/hawh/audioVisual/classic/domestic/index.html?pageIndex=2
2025-12-17 16:55:19 | INFO     | __main__:scrape_programs_for_category:235 - 正在爬取第 3/7 页: http://www.hawh.cn/hawh/audioVisual/classic/domestic/index.html?pageIndex=3
2025-12-17 16:55:21 | INFO     | __main__:scrape_programs_for_category:235 - 正在爬取第 4/7 页: http://www.hawh.cn/hawh/audioVisual/classic/domestic/index.html?pageIndex=4
2025-12-17 16:55:23 | INFO     | __main__:scrape_programs_for_category:235 - 正在爬取第 5/7 页: http://www.hawh.cn/hawh/audioVisual/classic/domestic/index.html?pageIndex=5
2025-12-17 16:55:25 | INFO     | __main__:scrape_programs_for_category:235 - 正在爬取第 6/7 页: http://www.hawh.cn/hawh/audioVisual/classic/domestic/index.html?pageIndex=6
2025-12-17 16:55:27 | INFO     | __main__:scrape_programs_for_category:235 - 正在爬取第 7/7 页: http://www.hawh.cn/hawh/audioVisual/classic/domestic/index.html?pageIndex=7
2025-12-17 16:55:30 | INFO     | __main__:scrape_programs_for_category:248 - 栏目爬取结束，总共发现 81 个节目
2025-12-17 16:55:30 | INFO     | __main__:run:291 - [10/13]
2025-12-17 16:55:30 | INFO     | __main__:scrape_programs_for_category:201 - 开始爬取栏目: http://www.hawh.cn/hawh/audioVisual/cultural/centralPlains/index.html
2025-12-17 16:55:32 | INFO     | __main__:scrape_programs_for_category:215 - 第 1 页抓取完成，找到 3 个节目
2025-12-17 16:55:32 | INFO     | __main__:scrape_programs_for_category:225 - 检测到分页组件，最大页数为: 1
2025-12-17 16:55:32 | INFO     | __main__:scrape_programs_for_category:248 - 栏目爬取结束，总共发现 3 个节目
2025-12-17 16:55:32 | INFO     | __main__:run:291 - [11/13]
2025-12-17 16:55:32 | INFO     | __main__:scrape_programs_for_category:201 - 开始爬取栏目: http://www.hawh.cn/hawh/audioVisual/art/heritage/index.html
2025-12-17 16:55:34 | INFO     | __main__:scrape_programs_for_category:215 - 第 1 页抓取完成，找到 12 个节目
2025-12-17 16:55:34 | INFO     | __main__:scrape_programs_for_category:225 - 检测到分页组件，最大页数为: 3
2025-12-17 16:55:34 | INFO     | __main__:scrape_programs_for_category:235 - 正在爬取第 2/3 页: http://www.hawh.cn/hawh/audioVisual/art/heritage/index.html?pageIndex=2
2025-12-17 16:55:36 | INFO     | __main__:scrape_programs_for_category:235 - 正在爬取第 3/3 页: http://www.hawh.cn/hawh/audioVisual/art/heritage/index.html?pageIndex=3
2025-12-17 16:55:38 | INFO     | __main__:scrape_programs_for_category:248 - 栏目爬取结束，总共发现 29 个节目
2025-12-17 16:55:38 | INFO     | __main__:run:291 - [12/13]
2025-12-17 16:55:38 | INFO     | __main__:scrape_programs_for_category:201 - 开始爬取栏目: http://www.hawh.cn/hawh/audioVisual/lecture/topic/index.html
2025-12-17 16:55:40 | INFO     | __main__:scrape_programs_for_category:215 - 第 1 页抓取完成，找到 12 个节目
2025-12-17 16:55:40 | INFO     | __main__:scrape_programs_for_category:225 - 检测到分页组件，最大页数为: 3
2025-12-17 16:55:40 | INFO     | __main__:scrape_programs_for_category:235 - 正在爬取第 2/3 页: http://www.hawh.cn/hawh/audioVisual/lecture/topic/index.html?pageIndex=2
2025-12-17 16:55:42 | INFO     | __main__:scrape_programs_for_category:235 - 正在爬取第 3/3 页: http://www.hawh.cn/hawh/audioVisual/lecture/topic/index.html?pageIndex=3
2025-12-17 16:55:44 | INFO     | __main__:scrape_programs_for_category:248 - 栏目爬取结束，总共发现 32 个节目
2025-12-17 16:55:44 | INFO     | __main__:run:291 - [13/13]
2025-12-17 16:55:44 | INFO     | __main__:scrape_programs_for_category:201 - 开始爬取栏目: http://www.hawh.cn/hawh/audioVisual/art/acrobatics/index.html
2025-12-17 16:55:46 | INFO     | __main__:scrape_programs_for_category:215 - 第 1 页抓取完成，找到 12 个节目
2025-12-17 16:55:46 | INFO     | __main__:scrape_programs_for_category:225 - 检测到分页组件，最大页数为: 5
2025-12-17 16:55:46 | INFO     | __main__:scrape_programs_for_category:235 - 正在爬取第 2/5 页: http://www.hawh.cn/hawh/audioVisual/art/acrobatics/index.html?pageIndex=2
2025-12-17 16:55:48 | INFO     | __main__:scrape_programs_for_category:235 - 正在爬取第 3/5 页: http://www.hawh.cn/hawh/audioVisual/art/acrobatics/index.html?pageIndex=3
2025-12-17 16:55:50 | INFO     | __main__:scrape_programs_for_category:235 - 正在爬取第 4/5 页: http://www.hawh.cn/hawh/audioVisual/art/acrobatics/index.html?pageIndex=4
2025-12-17 16:55:52 | INFO     | __main__:scrape_programs_for_category:235 - 正在爬取第 5/5 页: http://www.hawh.cn/hawh/audioVisual/art/acrobatics/index.html?pageIndex=5
2025-12-17 16:55:54 | INFO     | __main__:scrape_programs_for_category:248 - 栏目爬取结束，总共发现 52 个节目
2025-12-17 16:55:54 | INFO     | __main__:run:297 - ============================================================
2025-12-17 16:55:54 | INFO     | __main__:run:298 - 🎬 正在获取节目详情和媒体链接
2025-12-17 16:55:54 | INFO     | __main__:run:299 - ============================================================
2025-12-17 16:55:56 | INFO     | __main__:scrape_program_details:268 - 国庆十点钟(上): 发现 85 个媒体链接
2025-12-17 16:55:58 | INFO     | __main__:scrape_program_details:268 - 国庆十点钟(下): 发现 85 个媒体链接
2025-12-17 16:56:01 | INFO     | __main__:scrape_program_details:268 - 南昌起义: 发现 85 个媒体链接
2025-12-17 16:56:03 | INFO     | __main__:scrape_program_details:268 - 红孩子（下）.: 发现 85 个媒体链接
2025-12-17 16:56:09 | INFO     | __main__:run:273 - ============================================================
2025-12-17 16:56:09 | INFO     | __main__:run:274 - 🚀 HAWH媒体爬虫启动
2025-12-17 16:56:09 | INFO     | __main__:run:275 - ============================================================
2025-12-17 16:56:09 | INFO     | __main__:scrape_categories:92 - 开始爬取栏目信息...
2025-12-17 16:56:11 | INFO     | __main__:scrape_categories:99 - 发现 13 个栏目
2025-12-17 16:56:11 | INFO     | __main__:run:285 - ============================================================
2025-12-17 16:56:11 | INFO     | __main__:run:286 - 📺 开始爬取 13 个栏目的节目
2025-12-17 16:56:11 | INFO     | __main__:run:287 - ============================================================
2025-12-17 16:56:11 | INFO     | __main__:run:290 - [1/13]
2025-12-17 16:56:11 | INFO     | __main__:scrape_programs_for_category:200 - 开始爬取栏目: http://www.hawh.cn/hawh/audioVisual/classic/share/index.html
2025-12-17 16:56:13 | INFO     | __main__:scrape_programs_for_category:214 - 第 1 页抓取完成，找到 11 个节目
2025-12-17 16:56:13 | INFO     | __main__:scrape_programs_for_category:224 - 检测到分页组件，最大页数为: 1
2025-12-17 16:56:13 | INFO     | __main__:scrape_programs_for_category:247 - 栏目爬取结束，总共发现 11 个节目
2025-12-17 16:56:13 | INFO     | __main__:run:290 - [2/13]
2025-12-17 16:56:13 | INFO     | __main__:scrape_programs_for_category:200 - 开始爬取栏目: http://www.hawh.cn/hawh/audioVisual/art/heritage/index.html
2025-12-17 16:56:16 | INFO     | __main__:scrape_programs_for_category:214 - 第 1 页抓取完成，找到 12 个节目
2025-12-17 16:56:16 | INFO     | __main__:scrape_programs_for_category:224 - 检测到分页组件，最大页数为: 3
2025-12-17 16:56:16 | INFO     | __main__:scrape_programs_for_category:234 - 正在爬取第 2/3 页: http://www.hawh.cn/hawh/audioVisual/art/heritage/index.html?pageIndex=2
2025-12-17 16:56:18 | INFO     | __main__:scrape_programs_for_category:234 - 正在爬取第 3/3 页: http://www.hawh.cn/hawh/audioVisual/art/heritage/index.html?pageIndex=3
2025-12-17 16:56:21 | INFO     | __main__:scrape_programs_for_category:247 - 栏目爬取结束，总共发现 29 个节目
2025-12-17 16:56:21 | INFO     | __main__:run:290 - [3/13]
2025-12-17 16:56:21 | INFO     | __main__:scrape_programs_for_category:200 - 开始爬取栏目: http://www.hawh.cn/hawh/audioVisual/lecture/tradition/index.html
2025-12-17 16:56:23 | INFO     | __main__:scrape_programs_for_category:214 - 第 1 页抓取完成，找到 12 个节目
2025-12-17 16:56:23 | INFO     | __main__:scrape_programs_for_category:224 - 检测到分页组件，最大页数为: 3
2025-12-17 16:56:23 | INFO     | __main__:scrape_programs_for_category:234 - 正在爬取第 2/3 页: http://www.hawh.cn/hawh/audioVisual/lecture/tradition/index.html?pageIndex=2
2025-12-17 16:56:25 | INFO     | __main__:scrape_programs_for_category:234 - 正在爬取第 3/3 页: http://www.hawh.cn/hawh/audioVisual/lecture/tradition/index.html?pageIndex=3
2025-12-17 16:56:27 | INFO     | __main__:scrape_programs_for_category:247 - 栏目爬取结束，总共发现 30 个节目
2025-12-17 16:56:27 | INFO     | __main__:run:290 - [4/13]
2025-12-17 16:56:27 | INFO     | __main__:scrape_programs_for_category:200 - 开始爬取栏目: http://www.hawh.cn/hawh/audioVisual/art/drama/index.html
2025-12-17 16:56:29 | INFO     | __main__:scrape_programs_for_category:214 - 第 1 页抓取完成，找到 12 个节目
2025-12-17 16:56:29 | INFO     | __main__:scrape_programs_for_category:224 - 检测到分页组件，最大页数为: 5
2025-12-17 16:56:29 | INFO     | __main__:scrape_programs_for_category:234 - 正在爬取第 2/5 页: http://www.hawh.cn/hawh/audioVisual/art/drama/index.html?pageIndex=2
2025-12-17 16:56:31 | INFO     | __main__:scrape_programs_for_category:234 - 正在爬取第 3/5 页: http://www.hawh.cn/hawh/audioVisual/art/drama/index.html?pageIndex=3
2025-12-17 16:56:33 | INFO     | __main__:scrape_programs_for_category:234 - 正在爬取第 4/5 页: http://www.hawh.cn/hawh/audioVisual/art/drama/index.html?pageIndex=4
2025-12-17 16:56:35 | INFO     | __main__:scrape_programs_for_category:234 - 正在爬取第 5/5 页: http://www.hawh.cn/hawh/audioVisual/art/drama/index.html?pageIndex=5
2025-12-17 16:56:37 | INFO     | __main__:scrape_programs_for_category:247 - 栏目爬取结束，总共发现 60 个节目
2025-12-17 16:56:37 | INFO     | __main__:run:290 - [5/13]
2025-12-17 16:56:37 | INFO     | __main__:scrape_programs_for_category:200 - 开始爬取栏目: http://www.hawh.cn/hawh/audioVisual/cultural/essence/index.html
2025-12-17 16:56:40 | INFO     | __main__:scrape_programs_for_category:214 - 第 1 页抓取完成，找到 6 个节目
2025-12-17 16:56:40 | INFO     | __main__:scrape_programs_for_category:224 - 检测到分页组件，最大页数为: 4
2025-12-17 16:56:40 | INFO     | __main__:scrape_programs_for_category:234 - 正在爬取第 2/4 页: http://www.hawh.cn/hawh/audioVisual/cultural/essence/index.html?pageIndex=2
2025-12-17 16:56:42 | INFO     | __main__:scrape_programs_for_category:234 - 正在爬取第 3/4 页: http://www.hawh.cn/hawh/audioVisual/cultural/essence/index.html?pageIndex=3
2025-12-17 16:56:44 | INFO     | __main__:scrape_programs_for_category:234 - 正在爬取第 4/4 页: http://www.hawh.cn/hawh/audioVisual/cultural/essence/index.html?pageIndex=4
2025-12-17 16:56:45 | INFO     | __main__:scrape_programs_for_category:247 - 栏目爬取结束，总共发现 19 个节目
2025-12-17 16:56:45 | INFO     | __main__:run:290 - [6/13]
2025-12-17 16:56:45 | INFO     | __main__:scrape_programs_for_category:200 - 开始爬取栏目: http://www.hawh.cn/hawh/audioVisual/cultural/world/index.html
2025-12-17 16:56:47 | INFO     | __main__:scrape_programs_for_category:214 - 第 1 页抓取完成，找到 6 个节目
2025-12-17 16:56:47 | INFO     | __main__:scrape_programs_for_category:224 - 检测到分页组件，最大页数为: 4
2025-12-17 16:56:47 | INFO     | __main__:scrape_programs_for_category:234 - 正在爬取第 2/4 页: http://www.hawh.cn/hawh/audioVisual/cultural/world/index.html?pageIndex=2
2025-12-17 16:56:49 | INFO     | __main__:scrape_programs_for_category:234 - 正在爬取第 3/4 页: http://www.hawh.cn/hawh/audioVisual/cultural/world/index.html?pageIndex=3
2025-12-17 16:56:51 | INFO     | __main__:scrape_programs_for_category:234 - 正在爬取第 4/4 页: http://www.hawh.cn/hawh/audioVisual/cultural/world/index.html?pageIndex=4
2025-12-17 16:56:53 | INFO     | __main__:scrape_programs_for_category:247 - 栏目爬取结束，总共发现 21 个节目
2025-12-17 16:56:53 | INFO     | __main__:run:290 - [7/13]
2025-12-17 16:56:53 | INFO     | __main__:scrape_programs_for_category:200 - 开始爬取栏目: http://www.hawh.cn/hawh/audioVisual/classic/foreign/index.html
2025-12-17 16:56:55 | INFO     | __main__:scrape_programs_for_category:214 - 第 1 页抓取完成，找到 12 个节目
2025-12-17 16:56:55 | INFO     | __main__:scrape_programs_for_category:224 - 检测到分页组件，最大页数为: 2
2025-12-17 16:56:55 | INFO     | __main__:scrape_programs_for_category:234 - 正在爬取第 2/2 页: http://www.hawh.cn/hawh/audioVisual/classic/foreign/index.html?pageIndex=2
2025-12-17 16:56:57 | INFO     | __main__:scrape_programs_for_category:247 - 栏目爬取结束，总共发现 24 个节目
2025-12-17 16:56:57 | INFO     | __main__:run:290 - [8/13]
2025-12-17 16:56:57 | INFO     | __main__:scrape_programs_for_category:200 - 开始爬取栏目: http://www.hawh.cn/hawh/audioVisual/art/acrobatics/index.html
2025-12-17 16:56:59 | INFO     | __main__:scrape_programs_for_category:214 - 第 1 页抓取完成，找到 12 个节目
2025-12-17 16:56:59 | INFO     | __main__:scrape_programs_for_category:224 - 检测到分页组件，最大页数为: 5
2025-12-17 16:56:59 | INFO     | __main__:scrape_programs_for_category:234 - 正在爬取第 2/5 页: http://www.hawh.cn/hawh/audioVisual/art/acrobatics/index.html?pageIndex=2
2025-12-17 16:57:01 | INFO     | __main__:scrape_programs_for_category:234 - 正在爬取第 3/5 页: http://www.hawh.cn/hawh/audioVisual/art/acrobatics/index.html?pageIndex=3
2025-12-17 16:57:03 | INFO     | __main__:scrape_programs_for_category:234 - 正在爬取第 4/5 页: http://www.hawh.cn/hawh/audioVisual/art/acrobatics/index.html?pageIndex=4
2025-12-17 16:57:06 | INFO     | __main__:scrape_programs_for_category:234 - 正在爬取第 5/5 页: http://www.hawh.cn/hawh/audioVisual/art/acrobatics/index.html?pageIndex=5
2025-12-17 16:57:08 | INFO     | __main__:scrape_programs_for_category:247 - 栏目爬取结束，总共发现 52 个节目
2025-12-17 16:57:08 | INFO     | __main__:run:290 - [9/13]
2025-12-17 16:57:08 | INFO     | __main__:scrape_programs_for_category:200 - 开始爬取栏目: http://www.hawh.cn/hawh/audioVisual/lecture/topic/index.html
2025-12-17 16:57:10 | INFO     | __main__:scrape_programs_for_category:214 - 第 1 页抓取完成，找到 12 个节目
2025-12-17 16:57:10 | INFO     | __main__:scrape_programs_for_category:224 - 检测到分页组件，最大页数为: 3
2025-12-17 16:57:10 | INFO     | __main__:scrape_programs_for_category:234 - 正在爬取第 2/3 页: http://www.hawh.cn/hawh/audioVisual/lecture/topic/index.html?pageIndex=2
2025-12-17 16:57:12 | INFO     | __main__:scrape_programs_for_category:234 - 正在爬取第 3/3 页: http://www.hawh.cn/hawh/audioVisual/lecture/topic/index.html?pageIndex=3
2025-12-17 16:57:14 | INFO     | __main__:scrape_programs_for_category:247 - 栏目爬取结束，总共发现 32 个节目
2025-12-17 16:57:14 | INFO     | __main__:run:290 - [10/13]
2025-12-17 16:57:14 | INFO     | __main__:scrape_programs_for_category:200 - 开始爬取栏目: http://www.hawh.cn/hawh/audioVisual/lecture/interview/index.html
2025-12-17 16:57:16 | INFO     | __main__:scrape_programs_for_category:214 - 第 1 页抓取完成，找到 12 个节目
2025-12-17 16:57:16 | INFO     | __main__:scrape_programs_for_category:224 - 检测到分页组件，最大页数为: 3
2025-12-17 16:57:16 | INFO     | __main__:scrape_programs_for_category:234 - 正在爬取第 2/3 页: http://www.hawh.cn/hawh/audioVisual/lecture/interview/index.html?pageIndex=2
2025-12-17 16:57:19 | INFO     | __main__:scrape_programs_for_category:234 - 正在爬取第 3/3 页: http://www.hawh.cn/hawh/audioVisual/lecture/interview/index.html?pageIndex=3
2025-12-17 16:57:21 | INFO     | __main__:scrape_programs_for_category:247 - 栏目爬取结束，总共发现 25 个节目
2025-12-17 16:57:21 | INFO     | __main__:run:290 - [11/13]
2025-12-17 16:57:21 | INFO     | __main__:scrape_programs_for_category:200 - 开始爬取栏目: http://www.hawh.cn/hawh/audioVisual/classic/domestic/index.html
2025-12-17 16:57:22 | INFO     | __main__:scrape_programs_for_category:214 - 第 1 页抓取完成，找到 12 个节目
2025-12-17 16:57:22 | INFO     | __main__:scrape_programs_for_category:224 - 检测到分页组件，最大页数为: 7
2025-12-17 16:57:22 | INFO     | __main__:scrape_programs_for_category:234 - 正在爬取第 2/7 页: http://www.hawh.cn/hawh/audioVisual/classic/domestic/index.html?pageIndex=2
2025-12-17 16:57:24 | INFO     | __main__:scrape_programs_for_category:234 - 正在爬取第 3/7 页: http://www.hawh.cn/hawh/audioVisual/classic/domestic/index.html?pageIndex=3
2025-12-17 16:57:26 | INFO     | __main__:scrape_programs_for_category:234 - 正在爬取第 4/7 页: http://www.hawh.cn/hawh/audioVisual/classic/domestic/index.html?pageIndex=4
2025-12-17 16:57:28 | INFO     | __main__:scrape_programs_for_category:234 - 正在爬取第 5/7 页: http://www.hawh.cn/hawh/audioVisual/classic/domestic/index.html?pageIndex=5
2025-12-17 16:57:31 | INFO     | __main__:scrape_programs_for_category:234 - 正在爬取第 6/7 页: http://www.hawh.cn/hawh/audioVisual/classic/domestic/index.html?pageIndex=6
2025-12-17 16:57:33 | INFO     | __main__:scrape_programs_for_category:234 - 正在爬取第 7/7 页: http://www.hawh.cn/hawh/audioVisual/classic/domestic/index.html?pageIndex=7
2025-12-17 16:57:35 | INFO     | __main__:scrape_programs_for_category:247 - 栏目爬取结束，总共发现 81 个节目
2025-12-17 16:57:35 | INFO     | __main__:run:290 - [12/13]
2025-12-17 16:57:35 | INFO     | __main__:scrape_programs_for_category:200 - 开始爬取栏目: http://www.hawh.cn/hawh/audioVisual/cultural/centralPlains/index.html
2025-12-17 16:57:37 | INFO     | __main__:scrape_programs_for_category:214 - 第 1 页抓取完成，找到 3 个节目
2025-12-17 16:57:37 | INFO     | __main__:scrape_programs_for_category:224 - 检测到分页组件，最大页数为: 1
2025-12-17 16:57:37 | INFO     | __main__:scrape_programs_for_category:247 - 栏目爬取结束，总共发现 3 个节目
2025-12-17 16:57:37 | INFO     | __main__:run:290 - [13/13]
2025-12-17 16:57:37 | INFO     | __main__:scrape_programs_for_category:200 - 开始爬取栏目: http://www.hawh.cn/hawh/audioVisual/dynamic/index.html
2025-12-17 16:57:40 | INFO     | __main__:scrape_programs_for_category:214 - 第 1 页抓取完成，找到 15 个节目
2025-12-17 16:57:40 | INFO     | __main__:scrape_programs_for_category:224 - 检测到分页组件，最大页数为: 1
2025-12-17 16:57:40 | INFO     | __main__:scrape_programs_for_category:247 - 栏目爬取结束，总共发现 15 个节目
2025-12-17 16:57:40 | INFO     | __main__:run:296 - ============================================================
2025-12-17 16:57:40 | INFO     | __main__:run:297 - 🎬 正在获取节目详情和媒体链接
2025-12-17 16:57:40 | INFO     | __main__:run:298 - ============================================================
2025-12-17 16:58:53 | INFO     | __main__:scrape_program_details:267 - 国庆十点钟(上): 发现 85 个媒体链接
2025-12-17 16:58:55 | INFO     | __main__:scrape_program_details:267 - 国庆十点钟(下): 发现 85 个媒体链接
2025-12-17 16:58:57 | INFO     | __main__:scrape_program_details:267 - 南昌起义: 发现 85 个媒体链接
2025-12-17 16:59:13 | INFO     | __main__:run:268 - ============================================================
2025-12-17 16:59:13 | INFO     | __main__:run:269 - 🚀 HAWH媒体爬虫启动
2025-12-17 16:59:13 | INFO     | __main__:run:270 - ============================================================
2025-12-17 16:59:13 | INFO     | __main__:scrape_categories:92 - 开始爬取栏目信息...
2025-12-17 16:59:15 | INFO     | __main__:scrape_categories:99 - 发现 13 个栏目
2025-12-17 16:59:15 | INFO     | __main__:run:280 - ============================================================
2025-12-17 16:59:15 | INFO     | __main__:run:281 - 📺 开始爬取 13 个栏目的节目
2025-12-17 16:59:15 | INFO     | __main__:run:282 - ============================================================
2025-12-17 16:59:15 | INFO     | __main__:run:285 - [1/13]
2025-12-17 16:59:15 | INFO     | __main__:scrape_programs_for_category:200 - 开始爬取栏目: http://www.hawh.cn/hawh/audioVisual/dynamic/index.html
2025-12-17 16:59:16 | INFO     | __main__:scrape_programs_for_category:214 - 第 1 页抓取完成，找到 15 个节目
2025-12-17 16:59:16 | INFO     | __main__:scrape_programs_for_category:224 - 检测到分页组件，最大页数为: 1
2025-12-17 16:59:16 | INFO     | __main__:scrape_programs_for_category:247 - 栏目爬取结束，总共发现 15 个节目
2025-12-17 16:59:16 | INFO     | __main__:run:285 - [2/13]
2025-12-17 16:59:16 | INFO     | __main__:scrape_programs_for_category:200 - 开始爬取栏目: http://www.hawh.cn/hawh/audioVisual/classic/share/index.html
2025-12-17 16:59:18 | INFO     | __main__:scrape_programs_for_category:214 - 第 1 页抓取完成，找到 11 个节目
2025-12-17 16:59:18 | INFO     | __main__:scrape_programs_for_category:224 - 检测到分页组件，最大页数为: 1
2025-12-17 16:59:18 | INFO     | __main__:scrape_programs_for_category:247 - 栏目爬取结束，总共发现 11 个节目
2025-12-17 16:59:18 | INFO     | __main__:run:285 - [3/13]
2025-12-17 16:59:18 | INFO     | __main__:scrape_programs_for_category:200 - 开始爬取栏目: http://www.hawh.cn/hawh/audioVisual/classic/foreign/index.html
2025-12-17 16:59:21 | INFO     | __main__:scrape_programs_for_category:214 - 第 1 页抓取完成，找到 12 个节目
2025-12-17 16:59:21 | INFO     | __main__:scrape_programs_for_category:224 - 检测到分页组件，最大页数为: 2
2025-12-17 16:59:21 | INFO     | __main__:scrape_programs_for_category:234 - 正在爬取第 2/2 页: http://www.hawh.cn/hawh/audioVisual/classic/foreign/index.html?pageIndex=2
2025-12-17 16:59:22 | INFO     | __main__:scrape_programs_for_category:247 - 栏目爬取结束，总共发现 24 个节目
2025-12-17 16:59:22 | INFO     | __main__:run:285 - [4/13]
2025-12-17 16:59:22 | INFO     | __main__:scrape_programs_for_category:200 - 开始爬取栏目: http://www.hawh.cn/hawh/audioVisual/art/drama/index.html
2025-12-17 16:59:25 | INFO     | __main__:scrape_programs_for_category:214 - 第 1 页抓取完成，找到 12 个节目
2025-12-17 16:59:25 | INFO     | __main__:scrape_programs_for_category:224 - 检测到分页组件，最大页数为: 5
2025-12-17 16:59:25 | INFO     | __main__:scrape_programs_for_category:234 - 正在爬取第 2/5 页: http://www.hawh.cn/hawh/audioVisual/art/drama/index.html?pageIndex=2
2025-12-17 16:59:27 | INFO     | __main__:scrape_programs_for_category:234 - 正在爬取第 3/5 页: http://www.hawh.cn/hawh/audioVisual/art/drama/index.html?pageIndex=3
2025-12-17 16:59:29 | INFO     | __main__:scrape_programs_for_category:234 - 正在爬取第 4/5 页: http://www.hawh.cn/hawh/audioVisual/art/drama/index.html?pageIndex=4
2025-12-17 16:59:29 | INFO     | __main__:scrape_programs_for_category:234 - 正在爬取第 5/5 页: http://www.hawh.cn/hawh/audioVisual/art/drama/index.html?pageIndex=5
2025-12-17 16:59:31 | INFO     | __main__:scrape_programs_for_category:247 - 栏目爬取结束，总共发现 60 个节目
2025-12-17 16:59:31 | INFO     | __main__:run:285 - [5/13]
2025-12-17 16:59:31 | INFO     | __main__:scrape_programs_for_category:200 - 开始爬取栏目: http://www.hawh.cn/hawh/audioVisual/cultural/world/index.html
2025-12-17 16:59:33 | INFO     | __main__:scrape_programs_for_category:214 - 第 1 页抓取完成，找到 6 个节目
2025-12-17 16:59:33 | INFO     | __main__:scrape_programs_for_category:224 - 检测到分页组件，最大页数为: 4
2025-12-17 16:59:33 | INFO     | __main__:scrape_programs_for_category:234 - 正在爬取第 2/4 页: http://www.hawh.cn/hawh/audioVisual/cultural/world/index.html?pageIndex=2
2025-12-17 16:59:35 | INFO     | __main__:scrape_programs_for_category:234 - 正在爬取第 3/4 页: http://www.hawh.cn/hawh/audioVisual/cultural/world/index.html?pageIndex=3
2025-12-17 16:59:37 | INFO     | __main__:scrape_programs_for_category:234 - 正在爬取第 4/4 页: http://www.hawh.cn/hawh/audioVisual/cultural/world/index.html?pageIndex=4
2025-12-17 16:59:39 | INFO     | __main__:scrape_programs_for_category:247 - 栏目爬取结束，总共发现 21 个节目
2025-12-17 16:59:39 | INFO     | __main__:run:285 - [6/13]
2025-12-17 16:59:39 | INFO     | __main__:scrape_programs_for_category:200 - 开始爬取栏目: http://www.hawh.cn/hawh/audioVisual/art/acrobatics/index.html
2025-12-17 16:59:42 | INFO     | __main__:scrape_programs_for_category:214 - 第 1 页抓取完成，找到 12 个节目
2025-12-17 16:59:42 | INFO     | __main__:scrape_programs_for_category:224 - 检测到分页组件，最大页数为: 5
2025-12-17 16:59:42 | INFO     | __main__:scrape_programs_for_category:234 - 正在爬取第 2/5 页: http://www.hawh.cn/hawh/audioVisual/art/acrobatics/index.html?pageIndex=2
2025-12-17 16:59:43 | INFO     | __main__:scrape_programs_for_category:234 - 正在爬取第 3/5 页: http://www.hawh.cn/hawh/audioVisual/art/acrobatics/index.html?pageIndex=3
2025-12-17 16:59:45 | INFO     | __main__:scrape_programs_for_category:234 - 正在爬取第 4/5 页: http://www.hawh.cn/hawh/audioVisual/art/acrobatics/index.html?pageIndex=4
2025-12-17 16:59:47 | INFO     | __main__:scrape_programs_for_category:234 - 正在爬取第 5/5 页: http://www.hawh.cn/hawh/audioVisual/art/acrobatics/index.html?pageIndex=5
2025-12-17 16:59:49 | INFO     | __main__:scrape_programs_for_category:247 - 栏目爬取结束，总共发现 52 个节目
2025-12-17 16:59:49 | INFO     | __main__:run:285 - [7/13]
2025-12-17 16:59:49 | INFO     | __main__:scrape_programs_for_category:200 - 开始爬取栏目: http://www.hawh.cn/hawh/audioVisual/classic/domestic/index.html
2025-12-17 16:59:51 | INFO     | __main__:scrape_programs_for_category:214 - 第 1 页抓取完成，找到 12 个节目
2025-12-17 16:59:51 | INFO     | __main__:scrape_programs_for_category:224 - 检测到分页组件，最大页数为: 7
2025-12-17 16:59:51 | INFO     | __main__:scrape_programs_for_category:234 - 正在爬取第 2/7 页: http://www.hawh.cn/hawh/audioVisual/classic/domestic/index.html?pageIndex=2
2025-12-17 16:59:53 | INFO     | __main__:scrape_programs_for_category:234 - 正在爬取第 3/7 页: http://www.hawh.cn/hawh/audioVisual/classic/domestic/index.html?pageIndex=3
2025-12-17 16:59:55 | INFO     | __main__:scrape_programs_for_category:234 - 正在爬取第 4/7 页: http://www.hawh.cn/hawh/audioVisual/classic/domestic/index.html?pageIndex=4
2025-12-17 16:59:57 | INFO     | __main__:scrape_programs_for_category:234 - 正在爬取第 5/7 页: http://www.hawh.cn/hawh/audioVisual/classic/domestic/index.html?pageIndex=5
2025-12-17 16:59:59 | INFO     | __main__:scrape_programs_for_category:234 - 正在爬取第 6/7 页: http://www.hawh.cn/hawh/audioVisual/classic/domestic/index.html?pageIndex=6
2025-12-17 17:00:01 | INFO     | __main__:scrape_programs_for_category:234 - 正在爬取第 7/7 页: http://www.hawh.cn/hawh/audioVisual/classic/domestic/index.html?pageIndex=7
2025-12-17 17:00:02 | INFO     | __main__:scrape_programs_for_category:247 - 栏目爬取结束，总共发现 81 个节目
2025-12-17 17:00:02 | INFO     | __main__:run:285 - [8/13]
2025-12-17 17:00:02 | INFO     | __main__:scrape_programs_for_category:200 - 开始爬取栏目: http://www.hawh.cn/hawh/audioVisual/lecture/tradition/index.html
2025-12-17 17:00:05 | INFO     | __main__:scrape_programs_for_category:214 - 第 1 页抓取完成，找到 12 个节目
2025-12-17 17:00:05 | INFO     | __main__:scrape_programs_for_category:224 - 检测到分页组件，最大页数为: 3
2025-12-17 17:00:05 | INFO     | __main__:scrape_programs_for_category:234 - 正在爬取第 2/3 页: http://www.hawh.cn/hawh/audioVisual/lecture/tradition/index.html?pageIndex=2
2025-12-17 17:00:07 | INFO     | __main__:scrape_programs_for_category:234 - 正在爬取第 3/3 页: http://www.hawh.cn/hawh/audioVisual/lecture/tradition/index.html?pageIndex=3
2025-12-17 17:00:08 | INFO     | __main__:scrape_programs_for_category:247 - 栏目爬取结束，总共发现 30 个节目
2025-12-17 17:00:08 | INFO     | __main__:run:285 - [9/13]
2025-12-17 17:00:08 | INFO     | __main__:scrape_programs_for_category:200 - 开始爬取栏目: http://www.hawh.cn/hawh/audioVisual/cultural/centralPlains/index.html
2025-12-17 17:00:10 | INFO     | __main__:scrape_programs_for_category:214 - 第 1 页抓取完成，找到 3 个节目
2025-12-17 17:00:10 | INFO     | __main__:scrape_programs_for_category:224 - 检测到分页组件，最大页数为: 1
2025-12-17 17:00:10 | INFO     | __main__:scrape_programs_for_category:247 - 栏目爬取结束，总共发现 3 个节目
2025-12-17 17:00:10 | INFO     | __main__:run:285 - [10/13]
2025-12-17 17:00:10 | INFO     | __main__:scrape_programs_for_category:200 - 开始爬取栏目: http://www.hawh.cn/hawh/audioVisual/lecture/interview/index.html
2025-12-17 17:00:12 | INFO     | __main__:scrape_programs_for_category:214 - 第 1 页抓取完成，找到 12 个节目
2025-12-17 17:00:12 | INFO     | __main__:scrape_programs_for_category:224 - 检测到分页组件，最大页数为: 3
2025-12-17 17:00:12 | INFO     | __main__:scrape_programs_for_category:234 - 正在爬取第 2/3 页: http://www.hawh.cn/hawh/audioVisual/lecture/interview/index.html?pageIndex=2
2025-12-17 17:00:14 | INFO     | __main__:scrape_programs_for_category:234 - 正在爬取第 3/3 页: http://www.hawh.cn/hawh/audioVisual/lecture/interview/index.html?pageIndex=3
2025-12-17 17:00:16 | INFO     | __main__:scrape_programs_for_category:247 - 栏目爬取结束，总共发现 25 个节目
2025-12-17 17:00:16 | INFO     | __main__:run:285 - [11/13]
2025-12-17 17:00:16 | INFO     | __main__:scrape_programs_for_category:200 - 开始爬取栏目: http://www.hawh.cn/hawh/audioVisual/lecture/topic/index.html
2025-12-17 17:00:18 | INFO     | __main__:scrape_programs_for_category:214 - 第 1 页抓取完成，找到 12 个节目
2025-12-17 17:00:18 | INFO     | __main__:scrape_programs_for_category:224 - 检测到分页组件，最大页数为: 3
2025-12-17 17:00:18 | INFO     | __main__:scrape_programs_for_category:234 - 正在爬取第 2/3 页: http://www.hawh.cn/hawh/audioVisual/lecture/topic/index.html?pageIndex=2
2025-12-17 17:00:20 | INFO     | __main__:scrape_programs_for_category:234 - 正在爬取第 3/3 页: http://www.hawh.cn/hawh/audioVisual/lecture/topic/index.html?pageIndex=3
2025-12-17 17:00:22 | INFO     | __main__:scrape_programs_for_category:247 - 栏目爬取结束，总共发现 32 个节目
2025-12-17 17:00:22 | INFO     | __main__:run:285 - [12/13]
2025-12-17 17:00:22 | INFO     | __main__:scrape_programs_for_category:200 - 开始爬取栏目: http://www.hawh.cn/hawh/audioVisual/art/heritage/index.html
2025-12-17 17:00:24 | INFO     | __main__:scrape_programs_for_category:214 - 第 1 页抓取完成，找到 12 个节目
2025-12-17 17:00:24 | INFO     | __main__:scrape_programs_for_category:224 - 检测到分页组件，最大页数为: 3
2025-12-17 17:00:24 | INFO     | __main__:scrape_programs_for_category:234 - 正在爬取第 2/3 页: http://www.hawh.cn/hawh/audioVisual/art/heritage/index.html?pageIndex=2
2025-12-17 17:00:25 | INFO     | __main__:scrape_programs_for_category:234 - 正在爬取第 3/3 页: http://www.hawh.cn/hawh/audioVisual/art/heritage/index.html?pageIndex=3
2025-12-17 17:00:28 | INFO     | __main__:scrape_programs_for_category:247 - 栏目爬取结束，总共发现 29 个节目
2025-12-17 17:00:28 | INFO     | __main__:run:285 - [13/13]
2025-12-17 17:00:28 | INFO     | __main__:scrape_programs_for_category:200 - 开始爬取栏目: http://www.hawh.cn/hawh/audioVisual/cultural/essence/index.html
2025-12-17 17:00:30 | INFO     | __main__:scrape_programs_for_category:214 - 第 1 页抓取完成，找到 6 个节目
2025-12-17 17:00:30 | INFO     | __main__:scrape_programs_for_category:224 - 检测到分页组件，最大页数为: 4
2025-12-17 17:00:30 | INFO     | __main__:scrape_programs_for_category:234 - 正在爬取第 2/4 页: http://www.hawh.cn/hawh/audioVisual/cultural/essence/index.html?pageIndex=2
2025-12-17 17:00:31 | INFO     | __main__:scrape_programs_for_category:234 - 正在爬取第 3/4 页: http://www.hawh.cn/hawh/audioVisual/cultural/essence/index.html?pageIndex=3
2025-12-17 17:00:33 | INFO     | __main__:scrape_programs_for_category:234 - 正在爬取第 4/4 页: http://www.hawh.cn/hawh/audioVisual/cultural/essence/index.html?pageIndex=4
2025-12-17 17:00:35 | INFO     | __main__:scrape_programs_for_category:247 - 栏目爬取结束，总共发现 19 个节目
2025-12-17 17:00:35 | INFO     | __main__:run:291 - ============================================================
2025-12-17 17:00:35 | INFO     | __main__:run:292 - 🎬 正在获取节目详情和媒体链接
2025-12-17 17:00:35 | INFO     | __main__:run:293 - ============================================================
2025-12-17 17:00:56 | INFO     | __main__:save_data:315 - 💾 保存数据到 hawh_data/
2025-12-17 17:00:56 | ERROR    | __main__:run:309 - 爬取过程出错: Object of type set is not JSON serializable
2025-12-17 17:00:56 | ERROR    | __main__:run:311 - Traceback (most recent call last):
  File "/home/blank/crawl4ai/my_scriptes/hawh_media_sp.py", line 302, in run
    await self.save_data()
  File "/home/blank/crawl4ai/my_scriptes/hawh_media_sp.py", line 320, in save_data
    json.dump(self.all_categories, f, ensure_ascii=False, indent=2)
  File "/home/blank/.local/share/uv/python/cpython-3.11.13-linux-x86_64-gnu/lib/python3.11/json/__init__.py", line 179, in dump
    for chunk in iterable:
  File "/home/blank/.local/share/uv/python/cpython-3.11.13-linux-x86_64-gnu/lib/python3.11/json/encoder.py", line 439, in _iterencode
    o = _default(o)
        ^^^^^^^^^^^
  File "/home/blank/.local/share/uv/python/cpython-3.11.13-linux-x86_64-gnu/lib/python3.11/json/encoder.py", line 180, in default
    raise TypeError(f'Object of type {o.__class__.__name__} '
TypeError: Object of type set is not JSON serializable

2025-12-17 17:02:03 | INFO     | __main__:run:268 - ============================================================
2025-12-17 17:02:03 | INFO     | __main__:run:269 - 🚀 HAWH媒体爬虫启动
2025-12-17 17:02:03 | INFO     | __main__:run:270 - ============================================================
2025-12-17 17:02:03 | INFO     | __main__:scrape_categories:92 - 开始爬取栏目信息...
2025-12-17 17:02:05 | INFO     | __main__:scrape_categories:99 - 发现 13 个栏目
2025-12-17 17:02:05 | INFO     | __main__:run:280 - ============================================================
2025-12-17 17:02:05 | INFO     | __main__:run:281 - 📺 开始爬取 13 个栏目的节目
2025-12-17 17:02:05 | INFO     | __main__:run:282 - ============================================================
2025-12-17 17:02:05 | INFO     | __main__:run:285 - [1/13]
2025-12-17 17:02:05 | INFO     | __main__:scrape_programs_for_category:200 - 开始爬取栏目: http://www.hawh.cn/hawh/audioVisual/classic/domestic/index.html
2025-12-17 17:02:07 | INFO     | __main__:scrape_programs_for_category:214 - 第 1 页抓取完成，找到 12 个节目
2025-12-17 17:02:07 | INFO     | __main__:scrape_programs_for_category:224 - 检测到分页组件，最大页数为: 7
2025-12-17 17:02:07 | INFO     | __main__:scrape_programs_for_category:234 - 正在爬取第 2/7 页: http://www.hawh.cn/hawh/audioVisual/classic/domestic/index.html?pageIndex=2
2025-12-17 17:02:09 | INFO     | __main__:scrape_programs_for_category:234 - 正在爬取第 3/7 页: http://www.hawh.cn/hawh/audioVisual/classic/domestic/index.html?pageIndex=3
2025-12-17 17:02:10 | INFO     | __main__:scrape_programs_for_category:234 - 正在爬取第 4/7 页: http://www.hawh.cn/hawh/audioVisual/classic/domestic/index.html?pageIndex=4
2025-12-17 17:02:12 | INFO     | __main__:scrape_programs_for_category:234 - 正在爬取第 5/7 页: http://www.hawh.cn/hawh/audioVisual/classic/domestic/index.html?pageIndex=5
2025-12-17 17:02:14 | INFO     | __main__:scrape_programs_for_category:234 - 正在爬取第 6/7 页: http://www.hawh.cn/hawh/audioVisual/classic/domestic/index.html?pageIndex=6
2025-12-17 17:02:16 | INFO     | __main__:scrape_programs_for_category:234 - 正在爬取第 7/7 页: http://www.hawh.cn/hawh/audioVisual/classic/domestic/index.html?pageIndex=7
2025-12-17 17:02:18 | INFO     | __main__:scrape_programs_for_category:247 - 栏目爬取结束，总共发现 81 个节目
2025-12-17 17:02:18 | INFO     | __main__:run:285 - [2/13]
2025-12-17 17:02:18 | INFO     | __main__:scrape_programs_for_category:200 - 开始爬取栏目: http://www.hawh.cn/hawh/audioVisual/art/drama/index.html
2025-12-17 17:02:20 | INFO     | __main__:scrape_programs_for_category:214 - 第 1 页抓取完成，找到 12 个节目
2025-12-17 17:02:20 | INFO     | __main__:scrape_programs_for_category:224 - 检测到分页组件，最大页数为: 5
2025-12-17 17:02:20 | INFO     | __main__:scrape_programs_for_category:234 - 正在爬取第 2/5 页: http://www.hawh.cn/hawh/audioVisual/art/drama/index.html?pageIndex=2
2025-12-17 17:02:22 | INFO     | __main__:scrape_programs_for_category:234 - 正在爬取第 3/5 页: http://www.hawh.cn/hawh/audioVisual/art/drama/index.html?pageIndex=3
2025-12-17 17:02:24 | INFO     | __main__:scrape_programs_for_category:234 - 正在爬取第 4/5 页: http://www.hawh.cn/hawh/audioVisual/art/drama/index.html?pageIndex=4
2025-12-17 17:02:26 | INFO     | __main__:scrape_programs_for_category:234 - 正在爬取第 5/5 页: http://www.hawh.cn/hawh/audioVisual/art/drama/index.html?pageIndex=5
2025-12-17 17:02:28 | INFO     | __main__:scrape_programs_for_category:247 - 栏目爬取结束，总共发现 60 个节目
2025-12-17 17:02:28 | INFO     | __main__:run:285 - [3/13]
2025-12-17 17:02:28 | INFO     | __main__:scrape_programs_for_category:200 - 开始爬取栏目: http://www.hawh.cn/hawh/audioVisual/classic/share/index.html
2025-12-17 17:02:31 | INFO     | __main__:scrape_programs_for_category:214 - 第 1 页抓取完成，找到 11 个节目
2025-12-17 17:02:31 | INFO     | __main__:scrape_programs_for_category:224 - 检测到分页组件，最大页数为: 1
2025-12-17 17:02:31 | INFO     | __main__:scrape_programs_for_category:247 - 栏目爬取结束，总共发现 11 个节目
2025-12-17 17:02:31 | INFO     | __main__:run:285 - [4/13]
2025-12-17 17:02:31 | INFO     | __main__:scrape_programs_for_category:200 - 开始爬取栏目: http://www.hawh.cn/hawh/audioVisual/art/acrobatics/index.html
2025-12-17 17:02:32 | INFO     | __main__:scrape_programs_for_category:214 - 第 1 页抓取完成，找到 12 个节目
2025-12-17 17:02:32 | INFO     | __main__:scrape_programs_for_category:224 - 检测到分页组件，最大页数为: 5
2025-12-17 17:02:32 | INFO     | __main__:scrape_programs_for_category:234 - 正在爬取第 2/5 页: http://www.hawh.cn/hawh/audioVisual/art/acrobatics/index.html?pageIndex=2
2025-12-17 17:02:34 | INFO     | __main__:scrape_programs_for_category:234 - 正在爬取第 3/5 页: http://www.hawh.cn/hawh/audioVisual/art/acrobatics/index.html?pageIndex=3
2025-12-17 17:02:36 | INFO     | __main__:scrape_programs_for_category:234 - 正在爬取第 4/5 页: http://www.hawh.cn/hawh/audioVisual/art/acrobatics/index.html?pageIndex=4
2025-12-17 17:02:39 | INFO     | __main__:scrape_programs_for_category:234 - 正在爬取第 5/5 页: http://www.hawh.cn/hawh/audioVisual/art/acrobatics/index.html?pageIndex=5
2025-12-17 17:02:41 | INFO     | __main__:scrape_programs_for_category:247 - 栏目爬取结束，总共发现 52 个节目
2025-12-17 17:02:41 | INFO     | __main__:run:285 - [5/13]
2025-12-17 17:02:41 | INFO     | __main__:scrape_programs_for_category:200 - 开始爬取栏目: http://www.hawh.cn/hawh/audioVisual/dynamic/index.html
2025-12-17 17:02:42 | INFO     | __main__:scrape_programs_for_category:214 - 第 1 页抓取完成，找到 15 个节目
2025-12-17 17:02:42 | INFO     | __main__:scrape_programs_for_category:224 - 检测到分页组件，最大页数为: 1
2025-12-17 17:02:42 | INFO     | __main__:scrape_programs_for_category:247 - 栏目爬取结束，总共发现 15 个节目
2025-12-17 17:02:42 | INFO     | __main__:run:285 - [6/13]
2025-12-17 17:02:42 | INFO     | __main__:scrape_programs_for_category:200 - 开始爬取栏目: http://www.hawh.cn/hawh/audioVisual/lecture/topic/index.html
2025-12-17 17:02:44 | INFO     | __main__:scrape_programs_for_category:214 - 第 1 页抓取完成，找到 12 个节目
2025-12-17 17:02:44 | INFO     | __main__:scrape_programs_for_category:224 - 检测到分页组件，最大页数为: 3
2025-12-17 17:02:44 | INFO     | __main__:scrape_programs_for_category:234 - 正在爬取第 2/3 页: http://www.hawh.cn/hawh/audioVisual/lecture/topic/index.html?pageIndex=2
2025-12-17 17:02:46 | INFO     | __main__:scrape_programs_for_category:234 - 正在爬取第 3/3 页: http://www.hawh.cn/hawh/audioVisual/lecture/topic/index.html?pageIndex=3
2025-12-17 17:02:48 | INFO     | __main__:scrape_programs_for_category:247 - 栏目爬取结束，总共发现 32 个节目
2025-12-17 17:02:48 | INFO     | __main__:run:285 - [7/13]
2025-12-17 17:02:48 | INFO     | __main__:scrape_programs_for_category:200 - 开始爬取栏目: http://www.hawh.cn/hawh/audioVisual/lecture/tradition/index.html
2025-12-17 17:02:50 | INFO     | __main__:scrape_programs_for_category:214 - 第 1 页抓取完成，找到 12 个节目
2025-12-17 17:02:50 | INFO     | __main__:scrape_programs_for_category:224 - 检测到分页组件，最大页数为: 3
2025-12-17 17:02:50 | INFO     | __main__:scrape_programs_for_category:234 - 正在爬取第 2/3 页: http://www.hawh.cn/hawh/audioVisual/lecture/tradition/index.html?pageIndex=2
2025-12-17 17:02:51 | INFO     | __main__:scrape_programs_for_category:234 - 正在爬取第 3/3 页: http://www.hawh.cn/hawh/audioVisual/lecture/tradition/index.html?pageIndex=3
2025-12-17 17:02:53 | INFO     | __main__:scrape_programs_for_category:247 - 栏目爬取结束，总共发现 30 个节目
2025-12-17 17:02:53 | INFO     | __main__:run:285 - [8/13]
2025-12-17 17:02:53 | INFO     | __main__:scrape_programs_for_category:200 - 开始爬取栏目: http://www.hawh.cn/hawh/audioVisual/lecture/interview/index.html
2025-12-17 17:02:55 | INFO     | __main__:scrape_programs_for_category:214 - 第 1 页抓取完成，找到 12 个节目
2025-12-17 17:02:55 | INFO     | __main__:scrape_programs_for_category:224 - 检测到分页组件，最大页数为: 3
2025-12-17 17:02:55 | INFO     | __main__:scrape_programs_for_category:234 - 正在爬取第 2/3 页: http://www.hawh.cn/hawh/audioVisual/lecture/interview/index.html?pageIndex=2
2025-12-17 17:02:57 | INFO     | __main__:scrape_programs_for_category:234 - 正在爬取第 3/3 页: http://www.hawh.cn/hawh/audioVisual/lecture/interview/index.html?pageIndex=3
2025-12-17 17:02:59 | INFO     | __main__:scrape_programs_for_category:247 - 栏目爬取结束，总共发现 25 个节目
2025-12-17 17:02:59 | INFO     | __main__:run:285 - [9/13]
2025-12-17 17:02:59 | INFO     | __main__:scrape_programs_for_category:200 - 开始爬取栏目: http://www.hawh.cn/hawh/audioVisual/art/heritage/index.html
2025-12-17 17:03:00 | INFO     | __main__:scrape_programs_for_category:214 - 第 1 页抓取完成，找到 12 个节目
2025-12-17 17:03:01 | INFO     | __main__:scrape_programs_for_category:224 - 检测到分页组件，最大页数为: 3
2025-12-17 17:03:01 | INFO     | __main__:scrape_programs_for_category:234 - 正在爬取第 2/3 页: http://www.hawh.cn/hawh/audioVisual/art/heritage/index.html?pageIndex=2
2025-12-17 17:03:02 | INFO     | __main__:scrape_programs_for_category:234 - 正在爬取第 3/3 页: http://www.hawh.cn/hawh/audioVisual/art/heritage/index.html?pageIndex=3
2025-12-17 17:03:04 | INFO     | __main__:scrape_programs_for_category:247 - 栏目爬取结束，总共发现 29 个节目
2025-12-17 17:03:04 | INFO     | __main__:run:285 - [10/13]
2025-12-17 17:03:04 | INFO     | __main__:scrape_programs_for_category:200 - 开始爬取栏目: http://www.hawh.cn/hawh/audioVisual/cultural/essence/index.html
2025-12-17 17:03:06 | INFO     | __main__:scrape_programs_for_category:214 - 第 1 页抓取完成，找到 6 个节目
2025-12-17 17:03:06 | INFO     | __main__:scrape_programs_for_category:224 - 检测到分页组件，最大页数为: 4
2025-12-17 17:03:06 | INFO     | __main__:scrape_programs_for_category:234 - 正在爬取第 2/4 页: http://www.hawh.cn/hawh/audioVisual/cultural/essence/index.html?pageIndex=2
2025-12-17 17:03:08 | INFO     | __main__:scrape_programs_for_category:234 - 正在爬取第 3/4 页: http://www.hawh.cn/hawh/audioVisual/cultural/essence/index.html?pageIndex=3
2025-12-17 17:03:10 | INFO     | __main__:scrape_programs_for_category:234 - 正在爬取第 4/4 页: http://www.hawh.cn/hawh/audioVisual/cultural/essence/index.html?pageIndex=4
2025-12-17 17:03:12 | INFO     | __main__:scrape_programs_for_category:247 - 栏目爬取结束，总共发现 19 个节目
2025-12-17 17:03:12 | INFO     | __main__:run:285 - [11/13]
2025-12-17 17:03:12 | INFO     | __main__:scrape_programs_for_category:200 - 开始爬取栏目: http://www.hawh.cn/hawh/audioVisual/classic/foreign/index.html
2025-12-17 17:03:14 | INFO     | __main__:scrape_programs_for_category:214 - 第 1 页抓取完成，找到 12 个节目
2025-12-17 17:03:14 | INFO     | __main__:scrape_programs_for_category:224 - 检测到分页组件，最大页数为: 2
2025-12-17 17:03:14 | INFO     | __main__:scrape_programs_for_category:234 - 正在爬取第 2/2 页: http://www.hawh.cn/hawh/audioVisual/classic/foreign/index.html?pageIndex=2
2025-12-17 17:03:16 | INFO     | __main__:scrape_programs_for_category:247 - 栏目爬取结束，总共发现 24 个节目
2025-12-17 17:03:16 | INFO     | __main__:run:285 - [12/13]
2025-12-17 17:03:16 | INFO     | __main__:scrape_programs_for_category:200 - 开始爬取栏目: http://www.hawh.cn/hawh/audioVisual/cultural/world/index.html
2025-12-17 17:03:19 | INFO     | __main__:scrape_programs_for_category:214 - 第 1 页抓取完成，找到 6 个节目
2025-12-17 17:03:19 | INFO     | __main__:scrape_programs_for_category:224 - 检测到分页组件，最大页数为: 4
2025-12-17 17:03:19 | INFO     | __main__:scrape_programs_for_category:234 - 正在爬取第 2/4 页: http://www.hawh.cn/hawh/audioVisual/cultural/world/index.html?pageIndex=2
2025-12-17 17:03:21 | INFO     | __main__:scrape_programs_for_category:234 - 正在爬取第 3/4 页: http://www.hawh.cn/hawh/audioVisual/cultural/world/index.html?pageIndex=3
2025-12-17 17:03:22 | INFO     | __main__:scrape_programs_for_category:234 - 正在爬取第 4/4 页: http://www.hawh.cn/hawh/audioVisual/cultural/world/index.html?pageIndex=4
2025-12-17 17:03:24 | INFO     | __main__:scrape_programs_for_category:247 - 栏目爬取结束，总共发现 21 个节目
2025-12-17 17:03:24 | INFO     | __main__:run:285 - [13/13]
2025-12-17 17:03:24 | INFO     | __main__:scrape_programs_for_category:200 - 开始爬取栏目: http://www.hawh.cn/hawh/audioVisual/cultural/centralPlains/index.html
2025-12-17 17:03:26 | INFO     | __main__:scrape_programs_for_category:214 - 第 1 页抓取完成，找到 3 个节目
2025-12-17 17:03:26 | INFO     | __main__:scrape_programs_for_category:224 - 检测到分页组件，最大页数为: 1
2025-12-17 17:03:26 | INFO     | __main__:scrape_programs_for_category:247 - 栏目爬取结束，总共发现 3 个节目
2025-12-17 17:03:26 | INFO     | __main__:run:291 - ============================================================
2025-12-17 17:03:26 | INFO     | __main__:run:292 - 🎬 正在获取节目详情和媒体链接
2025-12-17 17:03:26 | INFO     | __main__:run:293 - ============================================================
2025-12-17 17:03:49 | INFO     | __main__:save_data:315 - 💾 保存数据到 hawh_data/
2025-12-17 17:03:49 | ERROR    | __main__:run:309 - 爬取过程出错: Object of type set is not JSON serializable
2025-12-17 17:03:49 | ERROR    | __main__:run:311 - Traceback (most recent call last):
  File "/home/blank/crawl4ai/my_scriptes/hawh_media_sp.py", line 302, in run
    await self.save_data()
  File "/home/blank/crawl4ai/my_scriptes/hawh_media_sp.py", line 320, in save_data
    json.dump(self.all_categories, f, ensure_ascii=False, indent=2)
  File "/home/blank/.local/share/uv/python/cpython-3.11.13-linux-x86_64-gnu/lib/python3.11/json/__init__.py", line 179, in dump
    for chunk in iterable:
  File "/home/blank/.local/share/uv/python/cpython-3.11.13-linux-x86_64-gnu/lib/python3.11/json/encoder.py", line 439, in _iterencode
    o = _default(o)
        ^^^^^^^^^^^
  File "/home/blank/.local/share/uv/python/cpython-3.11.13-linux-x86_64-gnu/lib/python3.11/json/encoder.py", line 180, in default
    raise TypeError(f'Object of type {o.__class__.__name__} '
TypeError: Object of type set is not JSON serializable

2025-12-17 17:04:04 | INFO     | __main__:run:268 - ============================================================
2025-12-17 17:04:04 | INFO     | __main__:run:269 - 🚀 HAWH媒体爬虫启动
2025-12-17 17:04:04 | INFO     | __main__:run:270 - ============================================================
2025-12-17 17:04:04 | INFO     | __main__:scrape_categories:92 - 开始爬取栏目信息...
2025-12-17 17:04:06 | INFO     | __main__:scrape_categories:99 - 发现 13 个栏目
2025-12-17 17:04:06 | INFO     | __main__:run:280 - ============================================================
2025-12-17 17:04:06 | INFO     | __main__:run:281 - 📺 开始爬取 13 个栏目的节目
2025-12-17 17:04:06 | INFO     | __main__:run:282 - ============================================================
2025-12-17 17:04:06 | INFO     | __main__:run:285 - [1/13]
2025-12-17 17:04:06 | INFO     | __main__:scrape_programs_for_category:200 - 开始爬取栏目: http://www.hawh.cn/hawh/audioVisual/classic/domestic/index.html
2025-12-17 17:04:08 | INFO     | __main__:scrape_programs_for_category:214 - 第 1 页抓取完成，找到 12 个节目
2025-12-17 17:04:08 | INFO     | __main__:scrape_programs_for_category:224 - 检测到分页组件，最大页数为: 7
2025-12-17 17:04:08 | INFO     | __main__:scrape_programs_for_category:234 - 正在爬取第 2/7 页: http://www.hawh.cn/hawh/audioVisual/classic/domestic/index.html?pageIndex=2
2025-12-17 17:04:10 | INFO     | __main__:scrape_programs_for_category:234 - 正在爬取第 3/7 页: http://www.hawh.cn/hawh/audioVisual/classic/domestic/index.html?pageIndex=3
2025-12-17 17:04:12 | INFO     | __main__:scrape_programs_for_category:234 - 正在爬取第 4/7 页: http://www.hawh.cn/hawh/audioVisual/classic/domestic/index.html?pageIndex=4
2025-12-17 17:04:14 | INFO     | __main__:scrape_programs_for_category:234 - 正在爬取第 5/7 页: http://www.hawh.cn/hawh/audioVisual/classic/domestic/index.html?pageIndex=5
2025-12-17 17:04:17 | INFO     | __main__:scrape_programs_for_category:234 - 正在爬取第 6/7 页: http://www.hawh.cn/hawh/audioVisual/classic/domestic/index.html?pageIndex=6
2025-12-17 17:04:19 | INFO     | __main__:scrape_programs_for_category:234 - 正在爬取第 7/7 页: http://www.hawh.cn/hawh/audioVisual/classic/domestic/index.html?pageIndex=7
2025-12-17 17:04:21 | INFO     | __main__:scrape_programs_for_category:247 - 栏目爬取结束，总共发现 81 个节目
2025-12-17 17:04:21 | INFO     | __main__:run:285 - [2/13]
2025-12-17 17:04:21 | INFO     | __main__:scrape_programs_for_category:200 - 开始爬取栏目: http://www.hawh.cn/hawh/audioVisual/art/heritage/index.html
2025-12-17 17:04:23 | INFO     | __main__:scrape_programs_for_category:214 - 第 1 页抓取完成，找到 12 个节目
2025-12-17 17:04:23 | INFO     | __main__:scrape_programs_for_category:224 - 检测到分页组件，最大页数为: 3
2025-12-17 17:04:23 | INFO     | __main__:scrape_programs_for_category:234 - 正在爬取第 2/3 页: http://www.hawh.cn/hawh/audioVisual/art/heritage/index.html?pageIndex=2
2025-12-17 17:04:25 | INFO     | __main__:scrape_programs_for_category:234 - 正在爬取第 3/3 页: http://www.hawh.cn/hawh/audioVisual/art/heritage/index.html?pageIndex=3
2025-12-17 17:04:27 | INFO     | __main__:scrape_programs_for_category:247 - 栏目爬取结束，总共发现 29 个节目
2025-12-17 17:04:27 | INFO     | __main__:run:285 - [3/13]
2025-12-17 17:04:27 | INFO     | __main__:scrape_programs_for_category:200 - 开始爬取栏目: http://www.hawh.cn/hawh/audioVisual/art/acrobatics/index.html
2025-12-17 17:04:30 | INFO     | __main__:scrape_programs_for_category:214 - 第 1 页抓取完成，找到 12 个节目
2025-12-17 17:04:30 | INFO     | __main__:scrape_programs_for_category:224 - 检测到分页组件，最大页数为: 5
2025-12-17 17:04:30 | INFO     | __main__:scrape_programs_for_category:234 - 正在爬取第 2/5 页: http://www.hawh.cn/hawh/audioVisual/art/acrobatics/index.html?pageIndex=2
2025-12-17 17:04:32 | INFO     | __main__:scrape_programs_for_category:234 - 正在爬取第 3/5 页: http://www.hawh.cn/hawh/audioVisual/art/acrobatics/index.html?pageIndex=3
2025-12-17 17:04:34 | INFO     | __main__:scrape_programs_for_category:234 - 正在爬取第 4/5 页: http://www.hawh.cn/hawh/audioVisual/art/acrobatics/index.html?pageIndex=4
2025-12-17 17:04:36 | INFO     | __main__:scrape_programs_for_category:234 - 正在爬取第 5/5 页: http://www.hawh.cn/hawh/audioVisual/art/acrobatics/index.html?pageIndex=5
2025-12-17 17:04:37 | INFO     | __main__:scrape_programs_for_category:247 - 栏目爬取结束，总共发现 52 个节目
2025-12-17 17:04:37 | INFO     | __main__:run:285 - [4/13]
2025-12-17 17:04:37 | INFO     | __main__:scrape_programs_for_category:200 - 开始爬取栏目: http://www.hawh.cn/hawh/audioVisual/dynamic/index.html
2025-12-17 17:04:39 | INFO     | __main__:scrape_programs_for_category:214 - 第 1 页抓取完成，找到 15 个节目
2025-12-17 17:04:40 | INFO     | __main__:scrape_programs_for_category:224 - 检测到分页组件，最大页数为: 1
2025-12-17 17:04:40 | INFO     | __main__:scrape_programs_for_category:247 - 栏目爬取结束，总共发现 15 个节目
2025-12-17 17:04:40 | INFO     | __main__:run:285 - [5/13]
2025-12-17 17:04:40 | INFO     | __main__:scrape_programs_for_category:200 - 开始爬取栏目: http://www.hawh.cn/hawh/audioVisual/classic/foreign/index.html
2025-12-17 17:04:42 | INFO     | __main__:scrape_programs_for_category:214 - 第 1 页抓取完成，找到 12 个节目
2025-12-17 17:04:42 | INFO     | __main__:scrape_programs_for_category:224 - 检测到分页组件，最大页数为: 2
2025-12-17 17:04:42 | INFO     | __main__:scrape_programs_for_category:234 - 正在爬取第 2/2 页: http://www.hawh.cn/hawh/audioVisual/classic/foreign/index.html?pageIndex=2
2025-12-17 17:04:44 | INFO     | __main__:scrape_programs_for_category:247 - 栏目爬取结束，总共发现 24 个节目
2025-12-17 17:04:44 | INFO     | __main__:run:285 - [6/13]
2025-12-17 17:04:44 | INFO     | __main__:scrape_programs_for_category:200 - 开始爬取栏目: http://www.hawh.cn/hawh/audioVisual/cultural/centralPlains/index.html
2025-12-17 17:04:46 | INFO     | __main__:scrape_programs_for_category:214 - 第 1 页抓取完成，找到 3 个节目
2025-12-17 17:04:46 | INFO     | __main__:scrape_programs_for_category:224 - 检测到分页组件，最大页数为: 1
2025-12-17 17:04:46 | INFO     | __main__:scrape_programs_for_category:247 - 栏目爬取结束，总共发现 3 个节目
2025-12-17 17:04:46 | INFO     | __main__:run:285 - [7/13]
2025-12-17 17:04:46 | INFO     | __main__:scrape_programs_for_category:200 - 开始爬取栏目: http://www.hawh.cn/hawh/audioVisual/art/drama/index.html
2025-12-17 17:04:48 | INFO     | __main__:scrape_programs_for_category:214 - 第 1 页抓取完成，找到 12 个节目
2025-12-17 17:04:48 | INFO     | __main__:scrape_programs_for_category:224 - 检测到分页组件，最大页数为: 5
2025-12-17 17:04:48 | INFO     | __main__:scrape_programs_for_category:234 - 正在爬取第 2/5 页: http://www.hawh.cn/hawh/audioVisual/art/drama/index.html?pageIndex=2
2025-12-17 17:04:50 | INFO     | __main__:scrape_programs_for_category:234 - 正在爬取第 3/5 页: http://www.hawh.cn/hawh/audioVisual/art/drama/index.html?pageIndex=3
2025-12-17 17:04:52 | INFO     | __main__:scrape_programs_for_category:234 - 正在爬取第 4/5 页: http://www.hawh.cn/hawh/audioVisual/art/drama/index.html?pageIndex=4
2025-12-17 17:04:53 | INFO     | __main__:scrape_programs_for_category:234 - 正在爬取第 5/5 页: http://www.hawh.cn/hawh/audioVisual/art/drama/index.html?pageIndex=5
2025-12-17 17:04:55 | INFO     | __main__:scrape_programs_for_category:247 - 栏目爬取结束，总共发现 60 个节目
2025-12-17 17:04:55 | INFO     | __main__:run:285 - [8/13]
2025-12-17 17:04:55 | INFO     | __main__:scrape_programs_for_category:200 - 开始爬取栏目: http://www.hawh.cn/hawh/audioVisual/cultural/essence/index.html
2025-12-17 17:04:58 | INFO     | __main__:scrape_programs_for_category:214 - 第 1 页抓取完成，找到 6 个节目
2025-12-17 17:04:58 | INFO     | __main__:scrape_programs_for_category:224 - 检测到分页组件，最大页数为: 4
2025-12-17 17:04:58 | INFO     | __main__:scrape_programs_for_category:234 - 正在爬取第 2/4 页: http://www.hawh.cn/hawh/audioVisual/cultural/essence/index.html?pageIndex=2
2025-12-17 17:05:00 | INFO     | __main__:scrape_programs_for_category:234 - 正在爬取第 3/4 页: http://www.hawh.cn/hawh/audioVisual/cultural/essence/index.html?pageIndex=3
2025-12-17 17:05:02 | INFO     | __main__:scrape_programs_for_category:234 - 正在爬取第 4/4 页: http://www.hawh.cn/hawh/audioVisual/cultural/essence/index.html?pageIndex=4
2025-12-17 17:05:05 | INFO     | __main__:scrape_programs_for_category:247 - 栏目爬取结束，总共发现 19 个节目
2025-12-17 17:05:05 | INFO     | __main__:run:285 - [9/13]
2025-12-17 17:05:05 | INFO     | __main__:scrape_programs_for_category:200 - 开始爬取栏目: http://www.hawh.cn/hawh/audioVisual/lecture/tradition/index.html
2025-12-17 17:05:06 | INFO     | __main__:scrape_programs_for_category:214 - 第 1 页抓取完成，找到 12 个节目
2025-12-17 17:05:06 | INFO     | __main__:scrape_programs_for_category:224 - 检测到分页组件，最大页数为: 3
2025-12-17 17:05:06 | INFO     | __main__:scrape_programs_for_category:234 - 正在爬取第 2/3 页: http://www.hawh.cn/hawh/audioVisual/lecture/tradition/index.html?pageIndex=2
2025-12-17 17:05:08 | INFO     | __main__:scrape_programs_for_category:234 - 正在爬取第 3/3 页: http://www.hawh.cn/hawh/audioVisual/lecture/tradition/index.html?pageIndex=3
2025-12-17 17:05:10 | INFO     | __main__:scrape_programs_for_category:247 - 栏目爬取结束，总共发现 30 个节目
2025-12-17 17:05:10 | INFO     | __main__:run:285 - [10/13]
2025-12-17 17:05:10 | INFO     | __main__:scrape_programs_for_category:200 - 开始爬取栏目: http://www.hawh.cn/hawh/audioVisual/classic/share/index.html
2025-12-17 17:05:13 | INFO     | __main__:scrape_programs_for_category:214 - 第 1 页抓取完成，找到 11 个节目
2025-12-17 17:05:13 | INFO     | __main__:scrape_programs_for_category:224 - 检测到分页组件，最大页数为: 1
2025-12-17 17:05:13 | INFO     | __main__:scrape_programs_for_category:247 - 栏目爬取结束，总共发现 11 个节目
2025-12-17 17:05:13 | INFO     | __main__:run:285 - [11/13]
2025-12-17 17:05:13 | INFO     | __main__:scrape_programs_for_category:200 - 开始爬取栏目: http://www.hawh.cn/hawh/audioVisual/lecture/topic/index.html
2025-12-17 17:05:15 | INFO     | __main__:scrape_programs_for_category:214 - 第 1 页抓取完成，找到 12 个节目
2025-12-17 17:05:15 | INFO     | __main__:scrape_programs_for_category:224 - 检测到分页组件，最大页数为: 3
2025-12-17 17:05:15 | INFO     | __main__:scrape_programs_for_category:234 - 正在爬取第 2/3 页: http://www.hawh.cn/hawh/audioVisual/lecture/topic/index.html?pageIndex=2
2025-12-17 17:05:17 | INFO     | __main__:scrape_programs_for_category:234 - 正在爬取第 3/3 页: http://www.hawh.cn/hawh/audioVisual/lecture/topic/index.html?pageIndex=3
2025-12-17 17:05:19 | INFO     | __main__:scrape_programs_for_category:247 - 栏目爬取结束，总共发现 32 个节目
2025-12-17 17:05:19 | INFO     | __main__:run:285 - [12/13]
2025-12-17 17:05:19 | INFO     | __main__:scrape_programs_for_category:200 - 开始爬取栏目: http://www.hawh.cn/hawh/audioVisual/cultural/world/index.html
2025-12-17 17:05:22 | INFO     | __main__:scrape_programs_for_category:214 - 第 1 页抓取完成，找到 6 个节目
2025-12-17 17:05:22 | INFO     | __main__:scrape_programs_for_category:224 - 检测到分页组件，最大页数为: 4
2025-12-17 17:05:22 | INFO     | __main__:scrape_programs_for_category:234 - 正在爬取第 2/4 页: http://www.hawh.cn/hawh/audioVisual/cultural/world/index.html?pageIndex=2
2025-12-17 17:05:24 | INFO     | __main__:scrape_programs_for_category:234 - 正在爬取第 3/4 页: http://www.hawh.cn/hawh/audioVisual/cultural/world/index.html?pageIndex=3
2025-12-17 17:05:26 | INFO     | __main__:scrape_programs_for_category:234 - 正在爬取第 4/4 页: http://www.hawh.cn/hawh/audioVisual/cultural/world/index.html?pageIndex=4
2025-12-17 17:05:27 | INFO     | __main__:scrape_programs_for_category:247 - 栏目爬取结束，总共发现 21 个节目
2025-12-17 17:05:27 | INFO     | __main__:run:285 - [13/13]
2025-12-17 17:05:27 | INFO     | __main__:scrape_programs_for_category:200 - 开始爬取栏目: http://www.hawh.cn/hawh/audioVisual/lecture/interview/index.html
2025-12-17 17:05:29 | INFO     | __main__:scrape_programs_for_category:214 - 第 1 页抓取完成，找到 12 个节目
2025-12-17 17:05:29 | INFO     | __main__:scrape_programs_for_category:224 - 检测到分页组件，最大页数为: 3
2025-12-17 17:05:29 | INFO     | __main__:scrape_programs_for_category:234 - 正在爬取第 2/3 页: http://www.hawh.cn/hawh/audioVisual/lecture/interview/index.html?pageIndex=2
2025-12-17 17:05:31 | INFO     | __main__:scrape_programs_for_category:234 - 正在爬取第 3/3 页: http://www.hawh.cn/hawh/audioVisual/lecture/interview/index.html?pageIndex=3
2025-12-17 17:05:33 | INFO     | __main__:scrape_programs_for_category:247 - 栏目爬取结束，总共发现 25 个节目
2025-12-17 17:05:33 | INFO     | __main__:run:291 - ============================================================
2025-12-17 17:05:33 | INFO     | __main__:run:292 - 🎬 正在获取节目详情和媒体链接
2025-12-17 17:05:33 | INFO     | __main__:run:293 - ============================================================
2025-12-17 17:08:47 | INFO     | __main__:run:268 - ============================================================
2025-12-17 17:08:47 | INFO     | __main__:run:269 - 🚀 HAWH媒体爬虫启动
2025-12-17 17:08:47 | INFO     | __main__:run:270 - ============================================================
2025-12-17 17:08:47 | INFO     | __main__:scrape_categories:92 - 开始爬取栏目信息...
2025-12-17 17:08:50 | INFO     | __main__:scrape_categories:99 - 发现 13 个栏目
2025-12-17 17:08:50 | INFO     | __main__:run:280 - ============================================================
2025-12-17 17:08:50 | INFO     | __main__:run:281 - 📺 开始爬取 13 个栏目的节目
2025-12-17 17:08:50 | INFO     | __main__:run:282 - ============================================================
2025-12-17 17:08:50 | INFO     | __main__:run:285 - [1/13]
2025-12-17 17:08:50 | INFO     | __main__:scrape_programs_for_category:200 - 开始爬取栏目: http://www.hawh.cn/hawh/audioVisual/cultural/centralPlains/index.html
2025-12-17 17:08:52 | INFO     | __main__:scrape_programs_for_category:214 - 第 1 页抓取完成，找到 3 个节目
2025-12-17 17:08:52 | INFO     | __main__:scrape_programs_for_category:224 - 检测到分页组件，最大页数为: 1
2025-12-17 17:08:52 | INFO     | __main__:scrape_programs_for_category:247 - 栏目爬取结束，总共发现 3 个节目
2025-12-17 17:08:52 | INFO     | __main__:run:285 - [2/13]
2025-12-17 17:08:52 | INFO     | __main__:scrape_programs_for_category:200 - 开始爬取栏目: http://www.hawh.cn/hawh/audioVisual/classic/share/index.html
2025-12-17 17:08:54 | INFO     | __main__:scrape_programs_for_category:214 - 第 1 页抓取完成，找到 11 个节目
2025-12-17 17:08:54 | INFO     | __main__:scrape_programs_for_category:224 - 检测到分页组件，最大页数为: 1
2025-12-17 17:08:54 | INFO     | __main__:scrape_programs_for_category:247 - 栏目爬取结束，总共发现 11 个节目
2025-12-17 17:08:54 | INFO     | __main__:run:285 - [3/13]
2025-12-17 17:08:54 | INFO     | __main__:scrape_programs_for_category:200 - 开始爬取栏目: http://www.hawh.cn/hawh/audioVisual/art/drama/index.html
2025-12-17 17:08:57 | INFO     | __main__:scrape_programs_for_category:214 - 第 1 页抓取完成，找到 12 个节目
2025-12-17 17:08:57 | INFO     | __main__:scrape_programs_for_category:224 - 检测到分页组件，最大页数为: 5
2025-12-17 17:08:57 | INFO     | __main__:scrape_programs_for_category:234 - 正在爬取第 2/5 页: http://www.hawh.cn/hawh/audioVisual/art/drama/index.html?pageIndex=2
2025-12-17 17:08:58 | INFO     | __main__:scrape_programs_for_category:234 - 正在爬取第 3/5 页: http://www.hawh.cn/hawh/audioVisual/art/drama/index.html?pageIndex=3
2025-12-17 17:09:01 | INFO     | __main__:scrape_programs_for_category:234 - 正在爬取第 4/5 页: http://www.hawh.cn/hawh/audioVisual/art/drama/index.html?pageIndex=4
2025-12-17 17:09:03 | INFO     | __main__:scrape_programs_for_category:234 - 正在爬取第 5/5 页: http://www.hawh.cn/hawh/audioVisual/art/drama/index.html?pageIndex=5
2025-12-17 17:09:05 | INFO     | __main__:scrape_programs_for_category:247 - 栏目爬取结束，总共发现 60 个节目
2025-12-17 17:09:05 | INFO     | __main__:run:285 - [4/13]
2025-12-17 17:09:05 | INFO     | __main__:scrape_programs_for_category:200 - 开始爬取栏目: http://www.hawh.cn/hawh/audioVisual/classic/domestic/index.html
2025-12-17 17:09:07 | INFO     | __main__:scrape_programs_for_category:214 - 第 1 页抓取完成，找到 12 个节目
2025-12-17 17:09:07 | INFO     | __main__:scrape_programs_for_category:224 - 检测到分页组件，最大页数为: 7
2025-12-17 17:09:07 | INFO     | __main__:scrape_programs_for_category:234 - 正在爬取第 2/7 页: http://www.hawh.cn/hawh/audioVisual/classic/domestic/index.html?pageIndex=2
2025-12-17 17:09:09 | INFO     | __main__:scrape_programs_for_category:234 - 正在爬取第 3/7 页: http://www.hawh.cn/hawh/audioVisual/classic/domestic/index.html?pageIndex=3
2025-12-17 17:09:11 | INFO     | __main__:scrape_programs_for_category:234 - 正在爬取第 4/7 页: http://www.hawh.cn/hawh/audioVisual/classic/domestic/index.html?pageIndex=4
2025-12-17 17:09:13 | INFO     | __main__:scrape_programs_for_category:234 - 正在爬取第 5/7 页: http://www.hawh.cn/hawh/audioVisual/classic/domestic/index.html?pageIndex=5
2025-12-17 17:09:15 | INFO     | __main__:scrape_programs_for_category:234 - 正在爬取第 6/7 页: http://www.hawh.cn/hawh/audioVisual/classic/domestic/index.html?pageIndex=6
2025-12-17 17:09:17 | INFO     | __main__:scrape_programs_for_category:234 - 正在爬取第 7/7 页: http://www.hawh.cn/hawh/audioVisual/classic/domestic/index.html?pageIndex=7
2025-12-17 17:09:19 | INFO     | __main__:scrape_programs_for_category:247 - 栏目爬取结束，总共发现 81 个节目
2025-12-17 17:09:19 | INFO     | __main__:run:285 - [5/13]
2025-12-17 17:09:19 | INFO     | __main__:scrape_programs_for_category:200 - 开始爬取栏目: http://www.hawh.cn/hawh/audioVisual/dynamic/index.html
2025-12-17 17:09:21 | INFO     | __main__:scrape_programs_for_category:214 - 第 1 页抓取完成，找到 15 个节目
2025-12-17 17:09:21 | INFO     | __main__:scrape_programs_for_category:224 - 检测到分页组件，最大页数为: 1
2025-12-17 17:09:21 | INFO     | __main__:scrape_programs_for_category:247 - 栏目爬取结束，总共发现 15 个节目
2025-12-17 17:09:21 | INFO     | __main__:run:285 - [6/13]
2025-12-17 17:09:21 | INFO     | __main__:scrape_programs_for_category:200 - 开始爬取栏目: http://www.hawh.cn/hawh/audioVisual/lecture/tradition/index.html
2025-12-17 17:09:23 | INFO     | __main__:scrape_programs_for_category:214 - 第 1 页抓取完成，找到 12 个节目
2025-12-17 17:09:23 | INFO     | __main__:scrape_programs_for_category:224 - 检测到分页组件，最大页数为: 3
2025-12-17 17:09:23 | INFO     | __main__:scrape_programs_for_category:234 - 正在爬取第 2/3 页: http://www.hawh.cn/hawh/audioVisual/lecture/tradition/index.html?pageIndex=2
2025-12-17 17:09:25 | INFO     | __main__:scrape_programs_for_category:234 - 正在爬取第 3/3 页: http://www.hawh.cn/hawh/audioVisual/lecture/tradition/index.html?pageIndex=3
2025-12-17 17:09:27 | INFO     | __main__:scrape_programs_for_category:247 - 栏目爬取结束，总共发现 30 个节目
2025-12-17 17:09:27 | INFO     | __main__:run:285 - [7/13]
2025-12-17 17:09:27 | INFO     | __main__:scrape_programs_for_category:200 - 开始爬取栏目: http://www.hawh.cn/hawh/audioVisual/art/acrobatics/index.html
2025-12-17 17:09:30 | INFO     | __main__:scrape_programs_for_category:214 - 第 1 页抓取完成，找到 12 个节目
2025-12-17 17:09:30 | INFO     | __main__:scrape_programs_for_category:224 - 检测到分页组件，最大页数为: 5
2025-12-17 17:09:30 | INFO     | __main__:scrape_programs_for_category:234 - 正在爬取第 2/5 页: http://www.hawh.cn/hawh/audioVisual/art/acrobatics/index.html?pageIndex=2
2025-12-17 17:09:32 | INFO     | __main__:scrape_programs_for_category:234 - 正在爬取第 3/5 页: http://www.hawh.cn/hawh/audioVisual/art/acrobatics/index.html?pageIndex=3
2025-12-17 17:09:34 | INFO     | __main__:scrape_programs_for_category:234 - 正在爬取第 4/5 页: http://www.hawh.cn/hawh/audioVisual/art/acrobatics/index.html?pageIndex=4
2025-12-17 17:09:36 | INFO     | __main__:scrape_programs_for_category:234 - 正在爬取第 5/5 页: http://www.hawh.cn/hawh/audioVisual/art/acrobatics/index.html?pageIndex=5
2025-12-17 17:09:38 | INFO     | __main__:scrape_programs_for_category:247 - 栏目爬取结束，总共发现 52 个节目
2025-12-17 17:09:38 | INFO     | __main__:run:285 - [8/13]
2025-12-17 17:09:38 | INFO     | __main__:scrape_programs_for_category:200 - 开始爬取栏目: http://www.hawh.cn/hawh/audioVisual/art/heritage/index.html
2025-12-17 17:09:41 | INFO     | __main__:scrape_programs_for_category:214 - 第 1 页抓取完成，找到 12 个节目
2025-12-17 17:09:41 | INFO     | __main__:scrape_programs_for_category:224 - 检测到分页组件，最大页数为: 3
2025-12-17 17:09:41 | INFO     | __main__:scrape_programs_for_category:234 - 正在爬取第 2/3 页: http://www.hawh.cn/hawh/audioVisual/art/heritage/index.html?pageIndex=2
2025-12-17 17:09:43 | INFO     | __main__:scrape_programs_for_category:234 - 正在爬取第 3/3 页: http://www.hawh.cn/hawh/audioVisual/art/heritage/index.html?pageIndex=3
2025-12-17 17:09:45 | INFO     | __main__:scrape_programs_for_category:247 - 栏目爬取结束，总共发现 29 个节目
2025-12-17 17:09:45 | INFO     | __main__:run:285 - [9/13]
2025-12-17 17:09:45 | INFO     | __main__:scrape_programs_for_category:200 - 开始爬取栏目: http://www.hawh.cn/hawh/audioVisual/lecture/topic/index.html
2025-12-17 17:09:47 | INFO     | __main__:scrape_programs_for_category:214 - 第 1 页抓取完成，找到 12 个节目
2025-12-17 17:09:47 | INFO     | __main__:scrape_programs_for_category:224 - 检测到分页组件，最大页数为: 3
2025-12-17 17:09:47 | INFO     | __main__:scrape_programs_for_category:234 - 正在爬取第 2/3 页: http://www.hawh.cn/hawh/audioVisual/lecture/topic/index.html?pageIndex=2
2025-12-17 17:09:48 | INFO     | __main__:scrape_programs_for_category:234 - 正在爬取第 3/3 页: http://www.hawh.cn/hawh/audioVisual/lecture/topic/index.html?pageIndex=3
2025-12-17 17:09:51 | INFO     | __main__:scrape_programs_for_category:247 - 栏目爬取结束，总共发现 32 个节目
2025-12-17 17:09:51 | INFO     | __main__:run:285 - [10/13]
2025-12-17 17:09:51 | INFO     | __main__:scrape_programs_for_category:200 - 开始爬取栏目: http://www.hawh.cn/hawh/audioVisual/classic/foreign/index.html
2025-12-17 17:09:53 | INFO     | __main__:scrape_programs_for_category:214 - 第 1 页抓取完成，找到 12 个节目
2025-12-17 17:09:53 | INFO     | __main__:scrape_programs_for_category:224 - 检测到分页组件，最大页数为: 2
2025-12-17 17:09:53 | INFO     | __main__:scrape_programs_for_category:234 - 正在爬取第 2/2 页: http://www.hawh.cn/hawh/audioVisual/classic/foreign/index.html?pageIndex=2
2025-12-17 17:09:55 | INFO     | __main__:scrape_programs_for_category:247 - 栏目爬取结束，总共发现 24 个节目
2025-12-17 17:09:55 | INFO     | __main__:run:285 - [11/13]
2025-12-17 17:09:55 | INFO     | __main__:scrape_programs_for_category:200 - 开始爬取栏目: http://www.hawh.cn/hawh/audioVisual/cultural/essence/index.html
2025-12-17 17:09:57 | INFO     | __main__:scrape_programs_for_category:214 - 第 1 页抓取完成，找到 6 个节目
2025-12-17 17:09:57 | INFO     | __main__:scrape_programs_for_category:224 - 检测到分页组件，最大页数为: 4
2025-12-17 17:09:57 | INFO     | __main__:scrape_programs_for_category:234 - 正在爬取第 2/4 页: http://www.hawh.cn/hawh/audioVisual/cultural/essence/index.html?pageIndex=2
2025-12-17 17:09:59 | INFO     | __main__:scrape_programs_for_category:234 - 正在爬取第 3/4 页: http://www.hawh.cn/hawh/audioVisual/cultural/essence/index.html?pageIndex=3
2025-12-17 17:10:01 | INFO     | __main__:scrape_programs_for_category:234 - 正在爬取第 4/4 页: http://www.hawh.cn/hawh/audioVisual/cultural/essence/index.html?pageIndex=4
2025-12-17 17:10:03 | INFO     | __main__:scrape_programs_for_category:247 - 栏目爬取结束，总共发现 19 个节目
2025-12-17 17:10:03 | INFO     | __main__:run:285 - [12/13]
2025-12-17 17:10:03 | INFO     | __main__:scrape_programs_for_category:200 - 开始爬取栏目: http://www.hawh.cn/hawh/audioVisual/cultural/world/index.html
2025-12-17 17:10:05 | INFO     | __main__:scrape_programs_for_category:214 - 第 1 页抓取完成，找到 6 个节目
2025-12-17 17:10:05 | INFO     | __main__:scrape_programs_for_category:224 - 检测到分页组件，最大页数为: 4
2025-12-17 17:10:05 | INFO     | __main__:scrape_programs_for_category:234 - 正在爬取第 2/4 页: http://www.hawh.cn/hawh/audioVisual/cultural/world/index.html?pageIndex=2
2025-12-17 17:10:07 | INFO     | __main__:scrape_programs_for_category:234 - 正在爬取第 3/4 页: http://www.hawh.cn/hawh/audioVisual/cultural/world/index.html?pageIndex=3
2025-12-17 17:10:09 | INFO     | __main__:scrape_programs_for_category:234 - 正在爬取第 4/4 页: http://www.hawh.cn/hawh/audioVisual/cultural/world/index.html?pageIndex=4
2025-12-17 17:10:11 | INFO     | __main__:scrape_programs_for_category:247 - 栏目爬取结束，总共发现 21 个节目
2025-12-17 17:10:11 | INFO     | __main__:run:285 - [13/13]
2025-12-17 17:10:11 | INFO     | __main__:scrape_programs_for_category:200 - 开始爬取栏目: http://www.hawh.cn/hawh/audioVisual/lecture/interview/index.html
2025-12-17 17:10:13 | INFO     | __main__:scrape_programs_for_category:214 - 第 1 页抓取完成，找到 12 个节目
2025-12-17 17:10:13 | INFO     | __main__:scrape_programs_for_category:224 - 检测到分页组件，最大页数为: 3
2025-12-17 17:10:13 | INFO     | __main__:scrape_programs_for_category:234 - 正在爬取第 2/3 页: http://www.hawh.cn/hawh/audioVisual/lecture/interview/index.html?pageIndex=2
2025-12-17 17:10:15 | INFO     | __main__:scrape_programs_for_category:234 - 正在爬取第 3/3 页: http://www.hawh.cn/hawh/audioVisual/lecture/interview/index.html?pageIndex=3
2025-12-17 17:10:16 | INFO     | __main__:scrape_programs_for_category:247 - 栏目爬取结束，总共发现 25 个节目
2025-12-17 17:10:16 | INFO     | __main__:run:291 - ============================================================
2025-12-17 17:10:16 | INFO     | __main__:run:292 - 🎬 正在获取节目详情和媒体链接
2025-12-17 17:10:16 | INFO     | __main__:run:293 - ============================================================
2025-12-17 17:13:42 | INFO     | __main__:run:268 - ============================================================
2025-12-17 17:13:42 | INFO     | __main__:run:269 - 🚀 HAWH媒体爬虫启动
2025-12-17 17:13:42 | INFO     | __main__:run:270 - ============================================================
2025-12-17 17:13:42 | INFO     | __main__:scrape_categories:92 - 开始爬取栏目信息...
2025-12-17 17:13:44 | INFO     | __main__:scrape_categories:99 - 发现 13 个栏目
2025-12-17 17:13:44 | INFO     | __main__:run:280 - ============================================================
2025-12-17 17:13:44 | INFO     | __main__:run:281 - 📺 开始爬取 13 个栏目的节目
2025-12-17 17:13:44 | INFO     | __main__:run:282 - ============================================================
2025-12-17 17:13:44 | INFO     | __main__:run:285 - [1/13]
2025-12-17 17:13:44 | INFO     | __main__:scrape_programs_for_category:200 - 开始爬取栏目: http://www.hawh.cn/hawh/audioVisual/lecture/tradition/index.html
2025-12-17 17:13:47 | INFO     | __main__:scrape_programs_for_category:214 - 第 1 页抓取完成，找到 12 个节目
2025-12-17 17:13:47 | INFO     | __main__:scrape_programs_for_category:224 - 检测到分页组件，最大页数为: 3
2025-12-17 17:13:47 | INFO     | __main__:scrape_programs_for_category:234 - 正在爬取第 2/3 页: http://www.hawh.cn/hawh/audioVisual/lecture/tradition/index.html?pageIndex=2
2025-12-17 17:13:49 | INFO     | __main__:scrape_programs_for_category:234 - 正在爬取第 3/3 页: http://www.hawh.cn/hawh/audioVisual/lecture/tradition/index.html?pageIndex=3
2025-12-17 17:13:51 | INFO     | __main__:scrape_programs_for_category:247 - 栏目爬取结束，总共发现 30 个节目
2025-12-17 17:13:51 | INFO     | __main__:run:285 - [2/13]
2025-12-17 17:13:51 | INFO     | __main__:scrape_programs_for_category:200 - 开始爬取栏目: http://www.hawh.cn/hawh/audioVisual/classic/domestic/index.html
2025-12-17 17:13:53 | INFO     | __main__:scrape_programs_for_category:214 - 第 1 页抓取完成，找到 12 个节目
2025-12-17 17:13:53 | INFO     | __main__:scrape_programs_for_category:224 - 检测到分页组件，最大页数为: 7
2025-12-17 17:13:53 | INFO     | __main__:scrape_programs_for_category:234 - 正在爬取第 2/7 页: http://www.hawh.cn/hawh/audioVisual/classic/domestic/index.html?pageIndex=2
2025-12-17 17:13:55 | INFO     | __main__:scrape_programs_for_category:234 - 正在爬取第 3/7 页: http://www.hawh.cn/hawh/audioVisual/classic/domestic/index.html?pageIndex=3
2025-12-17 17:13:58 | INFO     | __main__:scrape_programs_for_category:234 - 正在爬取第 4/7 页: http://www.hawh.cn/hawh/audioVisual/classic/domestic/index.html?pageIndex=4
2025-12-17 17:14:00 | INFO     | __main__:scrape_programs_for_category:234 - 正在爬取第 5/7 页: http://www.hawh.cn/hawh/audioVisual/classic/domestic/index.html?pageIndex=5
2025-12-17 17:14:02 | INFO     | __main__:scrape_programs_for_category:234 - 正在爬取第 6/7 页: http://www.hawh.cn/hawh/audioVisual/classic/domestic/index.html?pageIndex=6
2025-12-17 17:14:04 | INFO     | __main__:scrape_programs_for_category:234 - 正在爬取第 7/7 页: http://www.hawh.cn/hawh/audioVisual/classic/domestic/index.html?pageIndex=7
2025-12-17 17:14:07 | INFO     | __main__:scrape_programs_for_category:247 - 栏目爬取结束，总共发现 81 个节目
2025-12-17 17:14:07 | INFO     | __main__:run:285 - [3/13]
2025-12-17 17:14:07 | INFO     | __main__:scrape_programs_for_category:200 - 开始爬取栏目: http://www.hawh.cn/hawh/audioVisual/classic/share/index.html
2025-12-17 17:14:09 | INFO     | __main__:scrape_programs_for_category:214 - 第 1 页抓取完成，找到 11 个节目
2025-12-17 17:14:09 | INFO     | __main__:scrape_programs_for_category:224 - 检测到分页组件，最大页数为: 1
2025-12-17 17:14:09 | INFO     | __main__:scrape_programs_for_category:247 - 栏目爬取结束，总共发现 11 个节目
2025-12-17 17:14:09 | INFO     | __main__:run:285 - [4/13]
2025-12-17 17:14:09 | INFO     | __main__:scrape_programs_for_category:200 - 开始爬取栏目: http://www.hawh.cn/hawh/audioVisual/cultural/centralPlains/index.html
2025-12-17 17:14:11 | INFO     | __main__:scrape_programs_for_category:214 - 第 1 页抓取完成，找到 3 个节目
2025-12-17 17:14:11 | INFO     | __main__:scrape_programs_for_category:224 - 检测到分页组件，最大页数为: 1
2025-12-17 17:14:11 | INFO     | __main__:scrape_programs_for_category:247 - 栏目爬取结束，总共发现 3 个节目
2025-12-17 17:14:11 | INFO     | __main__:run:285 - [5/13]
2025-12-17 17:14:11 | INFO     | __main__:scrape_programs_for_category:200 - 开始爬取栏目: http://www.hawh.cn/hawh/audioVisual/cultural/world/index.html
2025-12-17 17:14:14 | INFO     | __main__:scrape_programs_for_category:214 - 第 1 页抓取完成，找到 6 个节目
2025-12-17 17:14:14 | INFO     | __main__:scrape_programs_for_category:224 - 检测到分页组件，最大页数为: 4
2025-12-17 17:14:14 | INFO     | __main__:scrape_programs_for_category:234 - 正在爬取第 2/4 页: http://www.hawh.cn/hawh/audioVisual/cultural/world/index.html?pageIndex=2
2025-12-17 17:14:17 | INFO     | __main__:scrape_programs_for_category:234 - 正在爬取第 3/4 页: http://www.hawh.cn/hawh/audioVisual/cultural/world/index.html?pageIndex=3
2025-12-17 17:14:18 | INFO     | __main__:scrape_programs_for_category:234 - 正在爬取第 4/4 页: http://www.hawh.cn/hawh/audioVisual/cultural/world/index.html?pageIndex=4
2025-12-17 17:14:21 | INFO     | __main__:scrape_programs_for_category:247 - 栏目爬取结束，总共发现 21 个节目
2025-12-17 17:14:21 | INFO     | __main__:run:285 - [6/13]
2025-12-17 17:14:21 | INFO     | __main__:scrape_programs_for_category:200 - 开始爬取栏目: http://www.hawh.cn/hawh/audioVisual/classic/foreign/index.html
2025-12-17 17:14:23 | INFO     | __main__:scrape_programs_for_category:214 - 第 1 页抓取完成，找到 12 个节目
2025-12-17 17:14:23 | INFO     | __main__:scrape_programs_for_category:224 - 检测到分页组件，最大页数为: 2
2025-12-17 17:14:23 | INFO     | __main__:scrape_programs_for_category:234 - 正在爬取第 2/2 页: http://www.hawh.cn/hawh/audioVisual/classic/foreign/index.html?pageIndex=2
2025-12-17 17:14:25 | INFO     | __main__:scrape_programs_for_category:247 - 栏目爬取结束，总共发现 24 个节目
2025-12-17 17:14:25 | INFO     | __main__:run:285 - [7/13]
2025-12-17 17:14:25 | INFO     | __main__:scrape_programs_for_category:200 - 开始爬取栏目: http://www.hawh.cn/hawh/audioVisual/dynamic/index.html
2025-12-17 17:14:27 | INFO     | __main__:scrape_programs_for_category:214 - 第 1 页抓取完成，找到 15 个节目
2025-12-17 17:14:27 | INFO     | __main__:scrape_programs_for_category:224 - 检测到分页组件，最大页数为: 1
2025-12-17 17:14:27 | INFO     | __main__:scrape_programs_for_category:247 - 栏目爬取结束，总共发现 15 个节目
2025-12-17 17:14:27 | INFO     | __main__:run:285 - [8/13]
2025-12-17 17:14:27 | INFO     | __main__:scrape_programs_for_category:200 - 开始爬取栏目: http://www.hawh.cn/hawh/audioVisual/cultural/essence/index.html
2025-12-17 17:14:29 | INFO     | __main__:scrape_programs_for_category:214 - 第 1 页抓取完成，找到 6 个节目
2025-12-17 17:14:29 | INFO     | __main__:scrape_programs_for_category:224 - 检测到分页组件，最大页数为: 4
2025-12-17 17:14:29 | INFO     | __main__:scrape_programs_for_category:234 - 正在爬取第 2/4 页: http://www.hawh.cn/hawh/audioVisual/cultural/essence/index.html?pageIndex=2
2025-12-17 17:14:31 | INFO     | __main__:scrape_programs_for_category:234 - 正在爬取第 3/4 页: http://www.hawh.cn/hawh/audioVisual/cultural/essence/index.html?pageIndex=3
2025-12-17 17:14:34 | INFO     | __main__:scrape_programs_for_category:234 - 正在爬取第 4/4 页: http://www.hawh.cn/hawh/audioVisual/cultural/essence/index.html?pageIndex=4
2025-12-17 17:14:36 | INFO     | __main__:scrape_programs_for_category:247 - 栏目爬取结束，总共发现 19 个节目
2025-12-17 17:14:36 | INFO     | __main__:run:285 - [9/13]
2025-12-17 17:14:36 | INFO     | __main__:scrape_programs_for_category:200 - 开始爬取栏目: http://www.hawh.cn/hawh/audioVisual/art/acrobatics/index.html
2025-12-17 17:14:38 | INFO     | __main__:scrape_programs_for_category:214 - 第 1 页抓取完成，找到 12 个节目
2025-12-17 17:14:38 | INFO     | __main__:scrape_programs_for_category:224 - 检测到分页组件，最大页数为: 5
2025-12-17 17:14:38 | INFO     | __main__:scrape_programs_for_category:234 - 正在爬取第 2/5 页: http://www.hawh.cn/hawh/audioVisual/art/acrobatics/index.html?pageIndex=2
2025-12-17 17:14:40 | INFO     | __main__:scrape_programs_for_category:234 - 正在爬取第 3/5 页: http://www.hawh.cn/hawh/audioVisual/art/acrobatics/index.html?pageIndex=3
2025-12-17 17:14:42 | INFO     | __main__:scrape_programs_for_category:234 - 正在爬取第 4/5 页: http://www.hawh.cn/hawh/audioVisual/art/acrobatics/index.html?pageIndex=4
2025-12-17 17:14:45 | INFO     | __main__:scrape_programs_for_category:234 - 正在爬取第 5/5 页: http://www.hawh.cn/hawh/audioVisual/art/acrobatics/index.html?pageIndex=5
2025-12-17 17:14:47 | INFO     | __main__:scrape_programs_for_category:247 - 栏目爬取结束，总共发现 52 个节目
2025-12-17 17:14:47 | INFO     | __main__:run:285 - [10/13]
2025-12-17 17:14:47 | INFO     | __main__:scrape_programs_for_category:200 - 开始爬取栏目: http://www.hawh.cn/hawh/audioVisual/lecture/interview/index.html
2025-12-17 17:14:49 | INFO     | __main__:scrape_programs_for_category:214 - 第 1 页抓取完成，找到 12 个节目
2025-12-17 17:14:49 | INFO     | __main__:scrape_programs_for_category:224 - 检测到分页组件，最大页数为: 3
2025-12-17 17:14:49 | INFO     | __main__:scrape_programs_for_category:234 - 正在爬取第 2/3 页: http://www.hawh.cn/hawh/audioVisual/lecture/interview/index.html?pageIndex=2
2025-12-17 17:14:51 | INFO     | __main__:scrape_programs_for_category:234 - 正在爬取第 3/3 页: http://www.hawh.cn/hawh/audioVisual/lecture/interview/index.html?pageIndex=3
2025-12-17 17:14:53 | INFO     | __main__:scrape_programs_for_category:247 - 栏目爬取结束，总共发现 25 个节目
2025-12-17 17:14:53 | INFO     | __main__:run:285 - [11/13]
2025-12-17 17:14:53 | INFO     | __main__:scrape_programs_for_category:200 - 开始爬取栏目: http://www.hawh.cn/hawh/audioVisual/art/heritage/index.html
2025-12-17 17:14:55 | INFO     | __main__:scrape_programs_for_category:214 - 第 1 页抓取完成，找到 12 个节目
2025-12-17 17:14:55 | INFO     | __main__:scrape_programs_for_category:224 - 检测到分页组件，最大页数为: 3
2025-12-17 17:14:55 | INFO     | __main__:scrape_programs_for_category:234 - 正在爬取第 2/3 页: http://www.hawh.cn/hawh/audioVisual/art/heritage/index.html?pageIndex=2
2025-12-17 17:14:57 | INFO     | __main__:scrape_programs_for_category:234 - 正在爬取第 3/3 页: http://www.hawh.cn/hawh/audioVisual/art/heritage/index.html?pageIndex=3
2025-12-17 17:14:59 | INFO     | __main__:scrape_programs_for_category:247 - 栏目爬取结束，总共发现 29 个节目
2025-12-17 17:14:59 | INFO     | __main__:run:285 - [12/13]
2025-12-17 17:14:59 | INFO     | __main__:scrape_programs_for_category:200 - 开始爬取栏目: http://www.hawh.cn/hawh/audioVisual/lecture/topic/index.html
2025-12-17 17:15:01 | INFO     | __main__:scrape_programs_for_category:214 - 第 1 页抓取完成，找到 12 个节目
2025-12-17 17:15:01 | INFO     | __main__:scrape_programs_for_category:224 - 检测到分页组件，最大页数为: 3
2025-12-17 17:15:01 | INFO     | __main__:scrape_programs_for_category:234 - 正在爬取第 2/3 页: http://www.hawh.cn/hawh/audioVisual/lecture/topic/index.html?pageIndex=2
2025-12-17 17:15:03 | INFO     | __main__:scrape_programs_for_category:234 - 正在爬取第 3/3 页: http://www.hawh.cn/hawh/audioVisual/lecture/topic/index.html?pageIndex=3
2025-12-17 17:15:05 | INFO     | __main__:scrape_programs_for_category:247 - 栏目爬取结束，总共发现 32 个节目
2025-12-17 17:15:05 | INFO     | __main__:run:285 - [13/13]
2025-12-17 17:15:05 | INFO     | __main__:scrape_programs_for_category:200 - 开始爬取栏目: http://www.hawh.cn/hawh/audioVisual/art/drama/index.html
2025-12-17 17:15:07 | INFO     | __main__:scrape_programs_for_category:214 - 第 1 页抓取完成，找到 12 个节目
2025-12-17 17:15:07 | INFO     | __main__:scrape_programs_for_category:224 - 检测到分页组件，最大页数为: 5
2025-12-17 17:15:07 | INFO     | __main__:scrape_programs_for_category:234 - 正在爬取第 2/5 页: http://www.hawh.cn/hawh/audioVisual/art/drama/index.html?pageIndex=2
2025-12-17 17:15:10 | INFO     | __main__:scrape_programs_for_category:234 - 正在爬取第 3/5 页: http://www.hawh.cn/hawh/audioVisual/art/drama/index.html?pageIndex=3
2025-12-17 17:15:12 | INFO     | __main__:scrape_programs_for_category:234 - 正在爬取第 4/5 页: http://www.hawh.cn/hawh/audioVisual/art/drama/index.html?pageIndex=4
2025-12-17 17:15:14 | INFO     | __main__:scrape_programs_for_category:234 - 正在爬取第 5/5 页: http://www.hawh.cn/hawh/audioVisual/art/drama/index.html?pageIndex=5
2025-12-17 17:15:16 | INFO     | __main__:scrape_programs_for_category:247 - 栏目爬取结束，总共发现 60 个节目
2025-12-17 17:15:16 | INFO     | __main__:run:291 - ============================================================
2025-12-17 17:15:16 | INFO     | __main__:run:292 - 🎬 正在获取节目详情和媒体链接
2025-12-17 17:15:16 | INFO     | __main__:run:293 - ============================================================
2025-12-17 18:08:40 | INFO     | __main__:run:280 - ============================================================
2025-12-17 18:08:40 | INFO     | __main__:run:281 - 🚀 HAWH媒体爬虫启动
2025-12-17 18:08:40 | INFO     | __main__:run:282 - ============================================================
2025-12-17 18:08:40 | INFO     | __main__:scrape_categories:92 - 开始爬取栏目信息...
2025-12-17 18:08:43 | INFO     | __main__:scrape_categories:99 - 发现 13 个栏目
2025-12-17 18:08:43 | INFO     | __main__:run:292 - ============================================================
2025-12-17 18:08:43 | INFO     | __main__:run:293 - 📺 开始爬取 13 个栏目的节目
2025-12-17 18:08:43 | INFO     | __main__:run:294 - ============================================================
2025-12-17 18:08:43 | INFO     | __main__:run:297 - [1/13]
2025-12-17 18:08:43 | INFO     | __main__:scrape_programs_for_category:203 - 开始爬取栏目: http://www.hawh.cn/hawh/audioVisual/cultural/centralPlains/index.html
2025-12-17 18:08:46 | INFO     | __main__:scrape_programs_for_category:217 - 第 1 页抓取完成，找到 3 个节目
2025-12-17 18:08:46 | INFO     | __main__:scrape_programs_for_category:227 - 检测到分页组件，最大页数为: 1
2025-12-17 18:08:46 | INFO     | __main__:scrape_programs_for_category:250 - 栏目爬取结束，总共发现 3 个节目
2025-12-17 18:08:46 | INFO     | __main__:run:297 - [2/13]
2025-12-17 18:08:46 | INFO     | __main__:scrape_programs_for_category:203 - 开始爬取栏目: http://www.hawh.cn/hawh/audioVisual/art/acrobatics/index.html
2025-12-17 18:08:49 | INFO     | __main__:scrape_programs_for_category:217 - 第 1 页抓取完成，找到 12 个节目
2025-12-17 18:08:49 | INFO     | __main__:scrape_programs_for_category:227 - 检测到分页组件，最大页数为: 5
2025-12-17 18:08:49 | INFO     | __main__:scrape_programs_for_category:237 - 正在爬取第 2/5 页: http://www.hawh.cn/hawh/audioVisual/art/acrobatics/index.html?pageIndex=2
2025-12-17 18:08:52 | INFO     | __main__:scrape_programs_for_category:237 - 正在爬取第 3/5 页: http://www.hawh.cn/hawh/audioVisual/art/acrobatics/index.html?pageIndex=3
2025-12-17 18:08:54 | INFO     | __main__:scrape_programs_for_category:237 - 正在爬取第 4/5 页: http://www.hawh.cn/hawh/audioVisual/art/acrobatics/index.html?pageIndex=4
2025-12-17 18:08:57 | INFO     | __main__:scrape_programs_for_category:237 - 正在爬取第 5/5 页: http://www.hawh.cn/hawh/audioVisual/art/acrobatics/index.html?pageIndex=5
2025-12-17 18:08:59 | INFO     | __main__:scrape_programs_for_category:250 - 栏目爬取结束，总共发现 52 个节目
2025-12-17 18:08:59 | INFO     | __main__:run:297 - [3/13]
2025-12-17 18:08:59 | INFO     | __main__:scrape_programs_for_category:203 - 开始爬取栏目: http://www.hawh.cn/hawh/audioVisual/classic/domestic/index.html
2025-12-17 18:09:02 | INFO     | __main__:scrape_programs_for_category:217 - 第 1 页抓取完成，找到 12 个节目
2025-12-17 18:09:02 | INFO     | __main__:scrape_programs_for_category:227 - 检测到分页组件，最大页数为: 7
2025-12-17 18:09:02 | INFO     | __main__:scrape_programs_for_category:237 - 正在爬取第 2/7 页: http://www.hawh.cn/hawh/audioVisual/classic/domestic/index.html?pageIndex=2
2025-12-17 18:09:05 | INFO     | __main__:scrape_programs_for_category:237 - 正在爬取第 3/7 页: http://www.hawh.cn/hawh/audioVisual/classic/domestic/index.html?pageIndex=3
2025-12-17 18:09:08 | INFO     | __main__:scrape_programs_for_category:237 - 正在爬取第 4/7 页: http://www.hawh.cn/hawh/audioVisual/classic/domestic/index.html?pageIndex=4
2025-12-17 18:09:11 | INFO     | __main__:scrape_programs_for_category:237 - 正在爬取第 5/7 页: http://www.hawh.cn/hawh/audioVisual/classic/domestic/index.html?pageIndex=5
2025-12-17 18:09:14 | INFO     | __main__:scrape_programs_for_category:237 - 正在爬取第 6/7 页: http://www.hawh.cn/hawh/audioVisual/classic/domestic/index.html?pageIndex=6
2025-12-17 18:09:17 | INFO     | __main__:scrape_programs_for_category:237 - 正在爬取第 7/7 页: http://www.hawh.cn/hawh/audioVisual/classic/domestic/index.html?pageIndex=7
2025-12-17 18:09:22 | INFO     | __main__:scrape_programs_for_category:250 - 栏目爬取结束，总共发现 81 个节目
2025-12-17 18:09:22 | INFO     | __main__:run:297 - [4/13]
2025-12-17 18:09:22 | INFO     | __main__:scrape_programs_for_category:203 - 开始爬取栏目: http://www.hawh.cn/hawh/audioVisual/classic/share/index.html
2025-12-17 18:09:26 | INFO     | __main__:scrape_programs_for_category:217 - 第 1 页抓取完成，找到 11 个节目
2025-12-17 18:09:26 | INFO     | __main__:scrape_programs_for_category:227 - 检测到分页组件，最大页数为: 1
2025-12-17 18:09:26 | INFO     | __main__:scrape_programs_for_category:250 - 栏目爬取结束，总共发现 11 个节目
2025-12-17 18:09:26 | INFO     | __main__:run:297 - [5/13]
2025-12-17 18:09:26 | INFO     | __main__:scrape_programs_for_category:203 - 开始爬取栏目: http://www.hawh.cn/hawh/audioVisual/cultural/world/index.html
2025-12-17 18:09:28 | INFO     | __main__:scrape_programs_for_category:217 - 第 1 页抓取完成，找到 6 个节目
2025-12-17 18:09:28 | INFO     | __main__:scrape_programs_for_category:227 - 检测到分页组件，最大页数为: 4
2025-12-17 18:09:28 | INFO     | __main__:scrape_programs_for_category:237 - 正在爬取第 2/4 页: http://www.hawh.cn/hawh/audioVisual/cultural/world/index.html?pageIndex=2
2025-12-17 18:09:31 | INFO     | __main__:scrape_programs_for_category:237 - 正在爬取第 3/4 页: http://www.hawh.cn/hawh/audioVisual/cultural/world/index.html?pageIndex=3
2025-12-17 18:09:34 | INFO     | __main__:scrape_programs_for_category:237 - 正在爬取第 4/4 页: http://www.hawh.cn/hawh/audioVisual/cultural/world/index.html?pageIndex=4
2025-12-17 18:09:36 | INFO     | __main__:scrape_programs_for_category:250 - 栏目爬取结束，总共发现 21 个节目
2025-12-17 18:09:36 | INFO     | __main__:run:297 - [6/13]
2025-12-17 18:09:36 | INFO     | __main__:scrape_programs_for_category:203 - 开始爬取栏目: http://www.hawh.cn/hawh/audioVisual/dynamic/index.html
2025-12-17 18:09:39 | INFO     | __main__:scrape_programs_for_category:217 - 第 1 页抓取完成，找到 15 个节目
2025-12-17 18:09:39 | INFO     | __main__:scrape_programs_for_category:227 - 检测到分页组件，最大页数为: 1
2025-12-17 18:09:39 | INFO     | __main__:scrape_programs_for_category:250 - 栏目爬取结束，总共发现 15 个节目
2025-12-17 18:09:39 | INFO     | __main__:run:297 - [7/13]
2025-12-17 18:09:39 | INFO     | __main__:scrape_programs_for_category:203 - 开始爬取栏目: http://www.hawh.cn/hawh/audioVisual/lecture/tradition/index.html
2025-12-17 18:09:42 | INFO     | __main__:scrape_programs_for_category:217 - 第 1 页抓取完成，找到 12 个节目
2025-12-17 18:09:42 | INFO     | __main__:scrape_programs_for_category:227 - 检测到分页组件，最大页数为: 3
2025-12-17 18:09:42 | INFO     | __main__:scrape_programs_for_category:237 - 正在爬取第 2/3 页: http://www.hawh.cn/hawh/audioVisual/lecture/tradition/index.html?pageIndex=2
2025-12-17 18:09:44 | INFO     | __main__:scrape_programs_for_category:237 - 正在爬取第 3/3 页: http://www.hawh.cn/hawh/audioVisual/lecture/tradition/index.html?pageIndex=3
2025-12-17 18:09:47 | INFO     | __main__:scrape_programs_for_category:250 - 栏目爬取结束，总共发现 30 个节目
2025-12-17 18:09:47 | INFO     | __main__:run:297 - [8/13]
2025-12-17 18:09:47 | INFO     | __main__:scrape_programs_for_category:203 - 开始爬取栏目: http://www.hawh.cn/hawh/audioVisual/art/heritage/index.html
2025-12-17 18:09:50 | INFO     | __main__:scrape_programs_for_category:217 - 第 1 页抓取完成，找到 12 个节目
2025-12-17 18:09:50 | INFO     | __main__:scrape_programs_for_category:227 - 检测到分页组件，最大页数为: 3
2025-12-17 18:09:50 | INFO     | __main__:scrape_programs_for_category:237 - 正在爬取第 2/3 页: http://www.hawh.cn/hawh/audioVisual/art/heritage/index.html?pageIndex=2
2025-12-17 18:09:53 | INFO     | __main__:scrape_programs_for_category:237 - 正在爬取第 3/3 页: http://www.hawh.cn/hawh/audioVisual/art/heritage/index.html?pageIndex=3
2025-12-17 18:09:55 | INFO     | __main__:scrape_programs_for_category:250 - 栏目爬取结束，总共发现 29 个节目
2025-12-17 18:09:55 | INFO     | __main__:run:297 - [9/13]
2025-12-17 18:09:55 | INFO     | __main__:scrape_programs_for_category:203 - 开始爬取栏目: http://www.hawh.cn/hawh/audioVisual/cultural/essence/index.html
2025-12-17 18:09:59 | INFO     | __main__:scrape_programs_for_category:217 - 第 1 页抓取完成，找到 6 个节目
2025-12-17 18:09:59 | INFO     | __main__:scrape_programs_for_category:227 - 检测到分页组件，最大页数为: 4
2025-12-17 18:09:59 | INFO     | __main__:scrape_programs_for_category:237 - 正在爬取第 2/4 页: http://www.hawh.cn/hawh/audioVisual/cultural/essence/index.html?pageIndex=2
2025-12-17 18:10:01 | INFO     | __main__:scrape_programs_for_category:237 - 正在爬取第 3/4 页: http://www.hawh.cn/hawh/audioVisual/cultural/essence/index.html?pageIndex=3
2025-12-17 18:10:05 | INFO     | __main__:scrape_programs_for_category:237 - 正在爬取第 4/4 页: http://www.hawh.cn/hawh/audioVisual/cultural/essence/index.html?pageIndex=4
2025-12-17 18:10:08 | INFO     | __main__:scrape_programs_for_category:250 - 栏目爬取结束，总共发现 19 个节目
2025-12-17 18:10:08 | INFO     | __main__:run:297 - [10/13]
2025-12-17 18:10:08 | INFO     | __main__:scrape_programs_for_category:203 - 开始爬取栏目: http://www.hawh.cn/hawh/audioVisual/classic/foreign/index.html
2025-12-17 18:10:10 | INFO     | __main__:scrape_programs_for_category:217 - 第 1 页抓取完成，找到 12 个节目
2025-12-17 18:10:10 | INFO     | __main__:scrape_programs_for_category:227 - 检测到分页组件，最大页数为: 2
2025-12-17 18:10:10 | INFO     | __main__:scrape_programs_for_category:237 - 正在爬取第 2/2 页: http://www.hawh.cn/hawh/audioVisual/classic/foreign/index.html?pageIndex=2
2025-12-17 18:10:12 | INFO     | __main__:scrape_programs_for_category:250 - 栏目爬取结束，总共发现 24 个节目
2025-12-17 18:10:12 | INFO     | __main__:run:297 - [11/13]
2025-12-17 18:10:12 | INFO     | __main__:scrape_programs_for_category:203 - 开始爬取栏目: http://www.hawh.cn/hawh/audioVisual/lecture/topic/index.html
2025-12-17 18:10:15 | INFO     | __main__:scrape_programs_for_category:217 - 第 1 页抓取完成，找到 12 个节目
2025-12-17 18:10:15 | INFO     | __main__:scrape_programs_for_category:227 - 检测到分页组件，最大页数为: 3
2025-12-17 18:10:15 | INFO     | __main__:scrape_programs_for_category:237 - 正在爬取第 2/3 页: http://www.hawh.cn/hawh/audioVisual/lecture/topic/index.html?pageIndex=2
2025-12-17 18:10:18 | INFO     | __main__:scrape_programs_for_category:237 - 正在爬取第 3/3 页: http://www.hawh.cn/hawh/audioVisual/lecture/topic/index.html?pageIndex=3
2025-12-17 18:10:21 | INFO     | __main__:scrape_programs_for_category:250 - 栏目爬取结束，总共发现 32 个节目
2025-12-17 18:10:21 | INFO     | __main__:run:297 - [12/13]
2025-12-17 18:10:21 | INFO     | __main__:scrape_programs_for_category:203 - 开始爬取栏目: http://www.hawh.cn/hawh/audioVisual/art/drama/index.html
2025-12-17 18:10:23 | INFO     | __main__:scrape_programs_for_category:217 - 第 1 页抓取完成，找到 12 个节目
2025-12-17 18:10:23 | INFO     | __main__:scrape_programs_for_category:227 - 检测到分页组件，最大页数为: 5
2025-12-17 18:10:23 | INFO     | __main__:scrape_programs_for_category:237 - 正在爬取第 2/5 页: http://www.hawh.cn/hawh/audioVisual/art/drama/index.html?pageIndex=2
2025-12-17 18:10:26 | INFO     | __main__:scrape_programs_for_category:237 - 正在爬取第 3/5 页: http://www.hawh.cn/hawh/audioVisual/art/drama/index.html?pageIndex=3
2025-12-17 18:10:30 | INFO     | __main__:scrape_programs_for_category:237 - 正在爬取第 4/5 页: http://www.hawh.cn/hawh/audioVisual/art/drama/index.html?pageIndex=4
2025-12-17 18:10:32 | INFO     | __main__:scrape_programs_for_category:237 - 正在爬取第 5/5 页: http://www.hawh.cn/hawh/audioVisual/art/drama/index.html?pageIndex=5
2025-12-17 18:10:36 | INFO     | __main__:scrape_programs_for_category:250 - 栏目爬取结束，总共发现 60 个节目
2025-12-17 18:10:36 | INFO     | __main__:run:297 - [13/13]
2025-12-17 18:10:36 | INFO     | __main__:scrape_programs_for_category:203 - 开始爬取栏目: http://www.hawh.cn/hawh/audioVisual/lecture/interview/index.html
2025-12-17 18:10:39 | INFO     | __main__:scrape_programs_for_category:217 - 第 1 页抓取完成，找到 12 个节目
2025-12-17 18:10:39 | INFO     | __main__:scrape_programs_for_category:227 - 检测到分页组件，最大页数为: 3
2025-12-17 18:10:39 | INFO     | __main__:scrape_programs_for_category:237 - 正在爬取第 2/3 页: http://www.hawh.cn/hawh/audioVisual/lecture/interview/index.html?pageIndex=2
2025-12-17 18:10:41 | INFO     | __main__:scrape_programs_for_category:237 - 正在爬取第 3/3 页: http://www.hawh.cn/hawh/audioVisual/lecture/interview/index.html?pageIndex=3
2025-12-17 18:10:44 | INFO     | __main__:scrape_programs_for_category:250 - 栏目爬取结束，总共发现 25 个节目
2025-12-17 18:10:44 | INFO     | __main__:run:303 - ============================================================
2025-12-17 18:10:44 | INFO     | __main__:run:304 - 🎬 正在获取节目详情和媒体链接
2025-12-17 18:10:44 | INFO     | __main__:run:305 - ============================================================
2025-12-17 18:10:48 | ERROR    | __main__:run:321 - 爬取过程出错: name 'media_urls' is not defined
2025-12-17 18:10:48 | ERROR    | __main__:run:323 - Traceback (most recent call last):
  File "/home/blank/crawl4ai/my_scriptes/hawh_media_sp.py", line 311, in run
    await self.scrape_program_details(program)
  File "/home/blank/crawl4ai/my_scriptes/hawh_media_sp.py", line 267, in scrape_program_details
    if media_urls:
       ^^^^^^^^^^
NameError: name 'media_urls' is not defined

2025-12-17 18:11:12 | INFO     | __main__:run:277 - ============================================================
2025-12-17 18:11:12 | INFO     | __main__:run:278 - 🚀 HAWH媒体爬虫启动
2025-12-17 18:11:12 | INFO     | __main__:run:279 - ============================================================
2025-12-17 18:11:12 | INFO     | __main__:scrape_categories:92 - 开始爬取栏目信息...
2025-12-17 18:11:15 | INFO     | __main__:scrape_categories:99 - 发现 13 个栏目
2025-12-17 18:11:15 | INFO     | __main__:run:289 - ============================================================
2025-12-17 18:11:15 | INFO     | __main__:run:290 - 📺 开始爬取 13 个栏目的节目
2025-12-17 18:11:15 | INFO     | __main__:run:291 - ============================================================
2025-12-17 18:11:15 | INFO     | __main__:run:294 - [1/13]
2025-12-17 18:11:15 | INFO     | __main__:scrape_programs_for_category:203 - 开始爬取栏目: http://www.hawh.cn/hawh/audioVisual/classic/foreign/index.html
2025-12-17 18:11:17 | INFO     | __main__:scrape_programs_for_category:217 - 第 1 页抓取完成，找到 12 个节目
2025-12-17 18:11:17 | INFO     | __main__:scrape_programs_for_category:227 - 检测到分页组件，最大页数为: 2
2025-12-17 18:11:17 | INFO     | __main__:scrape_programs_for_category:237 - 正在爬取第 2/2 页: http://www.hawh.cn/hawh/audioVisual/classic/foreign/index.html?pageIndex=2
2025-12-17 18:11:21 | INFO     | __main__:scrape_programs_for_category:250 - 栏目爬取结束，总共发现 24 个节目
2025-12-17 18:11:21 | INFO     | __main__:run:294 - [2/13]
2025-12-17 18:11:21 | INFO     | __main__:scrape_programs_for_category:203 - 开始爬取栏目: http://www.hawh.cn/hawh/audioVisual/lecture/tradition/index.html
2025-12-17 18:11:23 | INFO     | __main__:scrape_programs_for_category:217 - 第 1 页抓取完成，找到 12 个节目
2025-12-17 18:11:23 | INFO     | __main__:scrape_programs_for_category:227 - 检测到分页组件，最大页数为: 3
2025-12-17 18:11:23 | INFO     | __main__:scrape_programs_for_category:237 - 正在爬取第 2/3 页: http://www.hawh.cn/hawh/audioVisual/lecture/tradition/index.html?pageIndex=2
2025-12-17 18:11:26 | INFO     | __main__:scrape_programs_for_category:237 - 正在爬取第 3/3 页: http://www.hawh.cn/hawh/audioVisual/lecture/tradition/index.html?pageIndex=3
2025-12-17 18:11:28 | INFO     | __main__:scrape_programs_for_category:250 - 栏目爬取结束，总共发现 30 个节目
2025-12-17 18:11:28 | INFO     | __main__:run:294 - [3/13]
2025-12-17 18:11:28 | INFO     | __main__:scrape_programs_for_category:203 - 开始爬取栏目: http://www.hawh.cn/hawh/audioVisual/classic/share/index.html
2025-12-17 18:11:31 | INFO     | __main__:scrape_programs_for_category:217 - 第 1 页抓取完成，找到 11 个节目
2025-12-17 18:11:31 | INFO     | __main__:scrape_programs_for_category:227 - 检测到分页组件，最大页数为: 1
2025-12-17 18:11:31 | INFO     | __main__:scrape_programs_for_category:250 - 栏目爬取结束，总共发现 11 个节目
2025-12-17 18:11:31 | INFO     | __main__:run:294 - [4/13]
2025-12-17 18:11:31 | INFO     | __main__:scrape_programs_for_category:203 - 开始爬取栏目: http://www.hawh.cn/hawh/audioVisual/classic/domestic/index.html
2025-12-17 18:11:35 | INFO     | __main__:scrape_programs_for_category:217 - 第 1 页抓取完成，找到 12 个节目
2025-12-17 18:11:35 | INFO     | __main__:scrape_programs_for_category:227 - 检测到分页组件，最大页数为: 7
2025-12-17 18:11:35 | INFO     | __main__:scrape_programs_for_category:237 - 正在爬取第 2/7 页: http://www.hawh.cn/hawh/audioVisual/classic/domestic/index.html?pageIndex=2
2025-12-17 18:11:38 | INFO     | __main__:scrape_programs_for_category:237 - 正在爬取第 3/7 页: http://www.hawh.cn/hawh/audioVisual/classic/domestic/index.html?pageIndex=3
2025-12-17 18:11:41 | INFO     | __main__:scrape_programs_for_category:237 - 正在爬取第 4/7 页: http://www.hawh.cn/hawh/audioVisual/classic/domestic/index.html?pageIndex=4
2025-12-17 18:11:45 | INFO     | __main__:scrape_programs_for_category:237 - 正在爬取第 5/7 页: http://www.hawh.cn/hawh/audioVisual/classic/domestic/index.html?pageIndex=5
2025-12-17 18:11:48 | INFO     | __main__:scrape_programs_for_category:237 - 正在爬取第 6/7 页: http://www.hawh.cn/hawh/audioVisual/classic/domestic/index.html?pageIndex=6
2025-12-17 18:11:50 | INFO     | __main__:scrape_programs_for_category:237 - 正在爬取第 7/7 页: http://www.hawh.cn/hawh/audioVisual/classic/domestic/index.html?pageIndex=7
2025-12-17 18:11:51 | INFO     | __main__:scrape_programs_for_category:250 - 栏目爬取结束，总共发现 81 个节目
2025-12-17 18:11:52 | INFO     | __main__:run:294 - [5/13]
2025-12-17 18:11:52 | INFO     | __main__:scrape_programs_for_category:203 - 开始爬取栏目: http://www.hawh.cn/hawh/audioVisual/cultural/centralPlains/index.html
2025-12-17 18:11:54 | INFO     | __main__:scrape_programs_for_category:217 - 第 1 页抓取完成，找到 3 个节目
2025-12-17 18:11:55 | INFO     | __main__:scrape_programs_for_category:227 - 检测到分页组件，最大页数为: 1
2025-12-17 18:11:55 | INFO     | __main__:scrape_programs_for_category:250 - 栏目爬取结束，总共发现 3 个节目
2025-12-17 18:11:55 | INFO     | __main__:run:294 - [6/13]
2025-12-17 18:11:55 | INFO     | __main__:scrape_programs_for_category:203 - 开始爬取栏目: http://www.hawh.cn/hawh/audioVisual/art/heritage/index.html
2025-12-17 18:11:57 | INFO     | __main__:scrape_programs_for_category:217 - 第 1 页抓取完成，找到 12 个节目
2025-12-17 18:11:57 | INFO     | __main__:scrape_programs_for_category:227 - 检测到分页组件，最大页数为: 3
2025-12-17 18:11:57 | INFO     | __main__:scrape_programs_for_category:237 - 正在爬取第 2/3 页: http://www.hawh.cn/hawh/audioVisual/art/heritage/index.html?pageIndex=2
2025-12-17 18:11:59 | INFO     | __main__:scrape_programs_for_category:237 - 正在爬取第 3/3 页: http://www.hawh.cn/hawh/audioVisual/art/heritage/index.html?pageIndex=3
2025-12-17 18:12:02 | INFO     | __main__:scrape_programs_for_category:250 - 栏目爬取结束，总共发现 29 个节目
2025-12-17 18:12:02 | INFO     | __main__:run:294 - [7/13]
2025-12-17 18:12:02 | INFO     | __main__:scrape_programs_for_category:203 - 开始爬取栏目: http://www.hawh.cn/hawh/audioVisual/art/drama/index.html
2025-12-17 18:12:05 | INFO     | __main__:scrape_programs_for_category:217 - 第 1 页抓取完成，找到 12 个节目
2025-12-17 18:12:05 | INFO     | __main__:scrape_programs_for_category:227 - 检测到分页组件，最大页数为: 5
2025-12-17 18:12:05 | INFO     | __main__:scrape_programs_for_category:237 - 正在爬取第 2/5 页: http://www.hawh.cn/hawh/audioVisual/art/drama/index.html?pageIndex=2
2025-12-17 18:12:09 | INFO     | __main__:scrape_programs_for_category:237 - 正在爬取第 3/5 页: http://www.hawh.cn/hawh/audioVisual/art/drama/index.html?pageIndex=3
2025-12-17 18:12:11 | INFO     | __main__:scrape_programs_for_category:237 - 正在爬取第 4/5 页: http://www.hawh.cn/hawh/audioVisual/art/drama/index.html?pageIndex=4
2025-12-17 18:12:15 | INFO     | __main__:scrape_programs_for_category:237 - 正在爬取第 5/5 页: http://www.hawh.cn/hawh/audioVisual/art/drama/index.html?pageIndex=5
2025-12-17 18:12:17 | INFO     | __main__:scrape_programs_for_category:250 - 栏目爬取结束，总共发现 60 个节目
2025-12-17 18:12:17 | INFO     | __main__:run:294 - [8/13]
2025-12-17 18:12:17 | INFO     | __main__:scrape_programs_for_category:203 - 开始爬取栏目: http://www.hawh.cn/hawh/audioVisual/cultural/essence/index.html
2025-12-17 18:12:20 | INFO     | __main__:scrape_programs_for_category:217 - 第 1 页抓取完成，找到 6 个节目
2025-12-17 18:12:20 | INFO     | __main__:scrape_programs_for_category:227 - 检测到分页组件，最大页数为: 4
2025-12-17 18:12:20 | INFO     | __main__:scrape_programs_for_category:237 - 正在爬取第 2/4 页: http://www.hawh.cn/hawh/audioVisual/cultural/essence/index.html?pageIndex=2
2025-12-17 18:12:23 | INFO     | __main__:scrape_programs_for_category:237 - 正在爬取第 3/4 页: http://www.hawh.cn/hawh/audioVisual/cultural/essence/index.html?pageIndex=3
2025-12-17 18:12:26 | INFO     | __main__:scrape_programs_for_category:237 - 正在爬取第 4/4 页: http://www.hawh.cn/hawh/audioVisual/cultural/essence/index.html?pageIndex=4
2025-12-17 18:12:28 | INFO     | __main__:scrape_programs_for_category:250 - 栏目爬取结束，总共发现 19 个节目
2025-12-17 18:12:28 | INFO     | __main__:run:294 - [9/13]
2025-12-17 18:12:28 | INFO     | __main__:scrape_programs_for_category:203 - 开始爬取栏目: http://www.hawh.cn/hawh/audioVisual/dynamic/index.html
2025-12-17 18:12:31 | INFO     | __main__:scrape_programs_for_category:217 - 第 1 页抓取完成，找到 15 个节目
2025-12-17 18:12:31 | INFO     | __main__:scrape_programs_for_category:227 - 检测到分页组件，最大页数为: 1
2025-12-17 18:12:31 | INFO     | __main__:scrape_programs_for_category:250 - 栏目爬取结束，总共发现 15 个节目
2025-12-17 18:12:31 | INFO     | __main__:run:294 - [10/13]
2025-12-17 18:12:31 | INFO     | __main__:scrape_programs_for_category:203 - 开始爬取栏目: http://www.hawh.cn/hawh/audioVisual/lecture/interview/index.html
2025-12-17 18:12:34 | INFO     | __main__:scrape_programs_for_category:217 - 第 1 页抓取完成，找到 12 个节目
2025-12-17 18:12:34 | INFO     | __main__:scrape_programs_for_category:227 - 检测到分页组件，最大页数为: 3
2025-12-17 18:12:34 | INFO     | __main__:scrape_programs_for_category:237 - 正在爬取第 2/3 页: http://www.hawh.cn/hawh/audioVisual/lecture/interview/index.html?pageIndex=2
2025-12-17 18:12:36 | INFO     | __main__:scrape_programs_for_category:237 - 正在爬取第 3/3 页: http://www.hawh.cn/hawh/audioVisual/lecture/interview/index.html?pageIndex=3
2025-12-17 18:12:39 | INFO     | __main__:scrape_programs_for_category:250 - 栏目爬取结束，总共发现 25 个节目
2025-12-17 18:12:39 | INFO     | __main__:run:294 - [11/13]
2025-12-17 18:12:39 | INFO     | __main__:scrape_programs_for_category:203 - 开始爬取栏目: http://www.hawh.cn/hawh/audioVisual/art/acrobatics/index.html
2025-12-17 18:12:41 | INFO     | __main__:scrape_programs_for_category:217 - 第 1 页抓取完成，找到 12 个节目
2025-12-17 18:12:41 | INFO     | __main__:scrape_programs_for_category:227 - 检测到分页组件，最大页数为: 5
2025-12-17 18:12:41 | INFO     | __main__:scrape_programs_for_category:237 - 正在爬取第 2/5 页: http://www.hawh.cn/hawh/audioVisual/art/acrobatics/index.html?pageIndex=2
2025-12-17 18:12:44 | INFO     | __main__:scrape_programs_for_category:237 - 正在爬取第 3/5 页: http://www.hawh.cn/hawh/audioVisual/art/acrobatics/index.html?pageIndex=3
2025-12-17 18:12:46 | INFO     | __main__:scrape_programs_for_category:237 - 正在爬取第 4/5 页: http://www.hawh.cn/hawh/audioVisual/art/acrobatics/index.html?pageIndex=4
2025-12-17 18:12:49 | INFO     | __main__:scrape_programs_for_category:237 - 正在爬取第 5/5 页: http://www.hawh.cn/hawh/audioVisual/art/acrobatics/index.html?pageIndex=5
2025-12-17 18:12:52 | INFO     | __main__:scrape_programs_for_category:250 - 栏目爬取结束，总共发现 52 个节目
2025-12-17 18:12:52 | INFO     | __main__:run:294 - [12/13]
2025-12-17 18:12:52 | INFO     | __main__:scrape_programs_for_category:203 - 开始爬取栏目: http://www.hawh.cn/hawh/audioVisual/cultural/world/index.html
2025-12-17 18:12:54 | INFO     | __main__:scrape_programs_for_category:217 - 第 1 页抓取完成，找到 6 个节目
2025-12-17 18:12:54 | INFO     | __main__:scrape_programs_for_category:227 - 检测到分页组件，最大页数为: 4
2025-12-17 18:12:54 | INFO     | __main__:scrape_programs_for_category:237 - 正在爬取第 2/4 页: http://www.hawh.cn/hawh/audioVisual/cultural/world/index.html?pageIndex=2
2025-12-17 18:12:56 | INFO     | __main__:scrape_programs_for_category:237 - 正在爬取第 3/4 页: http://www.hawh.cn/hawh/audioVisual/cultural/world/index.html?pageIndex=3
2025-12-17 18:13:00 | INFO     | __main__:scrape_programs_for_category:237 - 正在爬取第 4/4 页: http://www.hawh.cn/hawh/audioVisual/cultural/world/index.html?pageIndex=4
2025-12-17 18:13:03 | INFO     | __main__:scrape_programs_for_category:250 - 栏目爬取结束，总共发现 21 个节目
2025-12-17 18:13:03 | INFO     | __main__:run:294 - [13/13]
2025-12-17 18:13:03 | INFO     | __main__:scrape_programs_for_category:203 - 开始爬取栏目: http://www.hawh.cn/hawh/audioVisual/lecture/topic/index.html
2025-12-17 18:13:05 | INFO     | __main__:scrape_programs_for_category:217 - 第 1 页抓取完成，找到 12 个节目
2025-12-17 18:13:05 | INFO     | __main__:scrape_programs_for_category:227 - 检测到分页组件，最大页数为: 3
2025-12-17 18:13:05 | INFO     | __main__:scrape_programs_for_category:237 - 正在爬取第 2/3 页: http://www.hawh.cn/hawh/audioVisual/lecture/topic/index.html?pageIndex=2
2025-12-17 18:13:08 | INFO     | __main__:scrape_programs_for_category:237 - 正在爬取第 3/3 页: http://www.hawh.cn/hawh/audioVisual/lecture/topic/index.html?pageIndex=3
2025-12-17 18:13:12 | INFO     | __main__:scrape_programs_for_category:250 - 栏目爬取结束，总共发现 32 个节目
2025-12-17 18:13:12 | INFO     | __main__:run:300 - ============================================================
2025-12-17 18:13:12 | INFO     | __main__:run:301 - 🎬 正在获取节目详情和媒体链接
2025-12-17 18:13:12 | INFO     | __main__:run:302 - ============================================================
2025-12-17 18:13:54 | INFO     | __main__:save_data:324 - 💾 保存数据到 hawh_data/
2025-12-17 18:13:54 | INFO     | __main__:save_data:331 - 节目信息: hawh_data/programs.json (402 条)
2025-12-17 18:13:54 | ERROR    | __main__:run:318 - 爬取过程出错: 'category'
2025-12-17 18:13:54 | ERROR    | __main__:run:320 - Traceback (most recent call last):
  File "/home/blank/crawl4ai/my_scriptes/hawh_media_sp.py", line 311, in run
    await self.save_data()
  File "/home/blank/crawl4ai/my_scriptes/hawh_media_sp.py", line 335, in save_data
    media_data = [
                 ^
  File "/home/blank/crawl4ai/my_scriptes/hawh_media_sp.py", line 338, in <listcomp>
    'category': p['category'],
                ~^^^^^^^^^^^^
KeyError: 'category'

2025-12-18 09:01:38 | INFO     | __main__:run:280 - ============================================================
2025-12-18 09:01:38 | INFO     | __main__:run:281 - 🚀 HAWH媒体爬虫启动
2025-12-18 09:01:38 | INFO     | __main__:run:282 - ============================================================
2025-12-18 09:01:38 | INFO     | __main__:scrape_categories:92 - 开始爬取栏目信息...
2025-12-18 09:01:41 | INFO     | __main__:scrape_categories:99 - 发现 13 个栏目
2025-12-18 09:01:41 | INFO     | __main__:run:292 - ============================================================
2025-12-18 09:01:41 | INFO     | __main__:run:293 - 📺 开始爬取 13 个栏目的节目
2025-12-18 09:01:41 | INFO     | __main__:run:294 - ============================================================
2025-12-18 09:01:41 | INFO     | __main__:run:297 - [1/13]
2025-12-18 09:01:41 | INFO     | __main__:scrape_programs_for_category:206 - 开始爬取栏目: http://www.hawh.cn/hawh/audioVisual/art/acrobatics/index.html
2025-12-18 09:01:45 | INFO     | __main__:scrape_programs_for_category:220 - 第 1 页抓取完成，找到 12 个节目
2025-12-18 09:01:45 | INFO     | __main__:scrape_programs_for_category:230 - 检测到分页组件，最大页数为: 5
2025-12-18 09:01:45 | INFO     | __main__:scrape_programs_for_category:240 - 正在爬取第 2/5 页: http://www.hawh.cn/hawh/audioVisual/art/acrobatics/index.html?pageIndex=2
2025-12-18 09:01:47 | INFO     | __main__:scrape_programs_for_category:240 - 正在爬取第 3/5 页: http://www.hawh.cn/hawh/audioVisual/art/acrobatics/index.html?pageIndex=3
2025-12-18 09:01:49 | INFO     | __main__:scrape_programs_for_category:240 - 正在爬取第 4/5 页: http://www.hawh.cn/hawh/audioVisual/art/acrobatics/index.html?pageIndex=4
2025-12-18 09:01:50 | INFO     | __main__:scrape_programs_for_category:240 - 正在爬取第 5/5 页: http://www.hawh.cn/hawh/audioVisual/art/acrobatics/index.html?pageIndex=5
2025-12-18 09:01:52 | INFO     | __main__:scrape_programs_for_category:253 - 栏目爬取结束，总共发现 52 个节目
2025-12-18 09:01:52 | INFO     | __main__:run:297 - [2/13]
2025-12-18 09:01:52 | INFO     | __main__:scrape_programs_for_category:206 - 开始爬取栏目: http://www.hawh.cn/hawh/audioVisual/cultural/centralPlains/index.html
2025-12-18 09:01:53 | INFO     | __main__:scrape_programs_for_category:220 - 第 1 页抓取完成，找到 3 个节目
2025-12-18 09:01:53 | INFO     | __main__:scrape_programs_for_category:230 - 检测到分页组件，最大页数为: 1
2025-12-18 09:01:53 | INFO     | __main__:scrape_programs_for_category:253 - 栏目爬取结束，总共发现 3 个节目
2025-12-18 09:01:53 | INFO     | __main__:run:297 - [3/13]
2025-12-18 09:01:53 | INFO     | __main__:scrape_programs_for_category:206 - 开始爬取栏目: http://www.hawh.cn/hawh/audioVisual/lecture/tradition/index.html
2025-12-18 09:01:55 | INFO     | __main__:scrape_programs_for_category:220 - 第 1 页抓取完成，找到 12 个节目
2025-12-18 09:01:55 | INFO     | __main__:scrape_programs_for_category:230 - 检测到分页组件，最大页数为: 3
2025-12-18 09:01:55 | INFO     | __main__:scrape_programs_for_category:240 - 正在爬取第 2/3 页: http://www.hawh.cn/hawh/audioVisual/lecture/tradition/index.html?pageIndex=2
2025-12-18 09:01:56 | INFO     | __main__:scrape_programs_for_category:240 - 正在爬取第 3/3 页: http://www.hawh.cn/hawh/audioVisual/lecture/tradition/index.html?pageIndex=3
2025-12-18 09:01:58 | INFO     | __main__:scrape_programs_for_category:253 - 栏目爬取结束，总共发现 30 个节目
2025-12-18 09:01:58 | INFO     | __main__:run:297 - [4/13]
2025-12-18 09:01:58 | INFO     | __main__:scrape_programs_for_category:206 - 开始爬取栏目: http://www.hawh.cn/hawh/audioVisual/lecture/topic/index.html
2025-12-18 09:01:59 | INFO     | __main__:scrape_programs_for_category:220 - 第 1 页抓取完成，找到 12 个节目
2025-12-18 09:01:59 | INFO     | __main__:scrape_programs_for_category:230 - 检测到分页组件，最大页数为: 3
2025-12-18 09:01:59 | INFO     | __main__:scrape_programs_for_category:240 - 正在爬取第 2/3 页: http://www.hawh.cn/hawh/audioVisual/lecture/topic/index.html?pageIndex=2
2025-12-18 09:02:01 | INFO     | __main__:scrape_programs_for_category:240 - 正在爬取第 3/3 页: http://www.hawh.cn/hawh/audioVisual/lecture/topic/index.html?pageIndex=3
2025-12-18 09:02:02 | INFO     | __main__:scrape_programs_for_category:253 - 栏目爬取结束，总共发现 32 个节目
2025-12-18 09:02:02 | INFO     | __main__:run:297 - [5/13]
2025-12-18 09:02:02 | INFO     | __main__:scrape_programs_for_category:206 - 开始爬取栏目: http://www.hawh.cn/hawh/audioVisual/classic/domestic/index.html
2025-12-18 09:02:03 | INFO     | __main__:scrape_programs_for_category:220 - 第 1 页抓取完成，找到 12 个节目
2025-12-18 09:02:04 | INFO     | __main__:scrape_programs_for_category:230 - 检测到分页组件，最大页数为: 7
2025-12-18 09:02:04 | INFO     | __main__:scrape_programs_for_category:240 - 正在爬取第 2/7 页: http://www.hawh.cn/hawh/audioVisual/classic/domestic/index.html?pageIndex=2
2025-12-18 09:02:05 | INFO     | __main__:scrape_programs_for_category:240 - 正在爬取第 3/7 页: http://www.hawh.cn/hawh/audioVisual/classic/domestic/index.html?pageIndex=3
2025-12-18 09:02:06 | INFO     | __main__:scrape_programs_for_category:240 - 正在爬取第 4/7 页: http://www.hawh.cn/hawh/audioVisual/classic/domestic/index.html?pageIndex=4
2025-12-18 09:02:08 | INFO     | __main__:scrape_programs_for_category:240 - 正在爬取第 5/7 页: http://www.hawh.cn/hawh/audioVisual/classic/domestic/index.html?pageIndex=5
2025-12-18 09:02:10 | INFO     | __main__:scrape_programs_for_category:240 - 正在爬取第 6/7 页: http://www.hawh.cn/hawh/audioVisual/classic/domestic/index.html?pageIndex=6
2025-12-18 09:02:11 | INFO     | __main__:scrape_programs_for_category:240 - 正在爬取第 7/7 页: http://www.hawh.cn/hawh/audioVisual/classic/domestic/index.html?pageIndex=7
2025-12-18 09:02:13 | INFO     | __main__:scrape_programs_for_category:253 - 栏目爬取结束，总共发现 81 个节目
2025-12-18 09:02:13 | INFO     | __main__:run:297 - [6/13]
2025-12-18 09:02:13 | INFO     | __main__:scrape_programs_for_category:206 - 开始爬取栏目: http://www.hawh.cn/hawh/audioVisual/dynamic/index.html
2025-12-18 09:02:14 | INFO     | __main__:scrape_programs_for_category:220 - 第 1 页抓取完成，找到 15 个节目
2025-12-18 09:02:14 | INFO     | __main__:scrape_programs_for_category:230 - 检测到分页组件，最大页数为: 1
2025-12-18 09:02:14 | INFO     | __main__:scrape_programs_for_category:253 - 栏目爬取结束，总共发现 15 个节目
2025-12-18 09:02:14 | INFO     | __main__:run:297 - [7/13]
2025-12-18 09:02:14 | INFO     | __main__:scrape_programs_for_category:206 - 开始爬取栏目: http://www.hawh.cn/hawh/audioVisual/cultural/world/index.html
2025-12-18 09:02:15 | INFO     | __main__:scrape_programs_for_category:220 - 第 1 页抓取完成，找到 6 个节目
2025-12-18 09:02:15 | INFO     | __main__:scrape_programs_for_category:230 - 检测到分页组件，最大页数为: 4
2025-12-18 09:02:15 | INFO     | __main__:scrape_programs_for_category:240 - 正在爬取第 2/4 页: http://www.hawh.cn/hawh/audioVisual/cultural/world/index.html?pageIndex=2
2025-12-18 09:02:17 | INFO     | __main__:scrape_programs_for_category:240 - 正在爬取第 3/4 页: http://www.hawh.cn/hawh/audioVisual/cultural/world/index.html?pageIndex=3
2025-12-18 09:02:18 | INFO     | __main__:scrape_programs_for_category:240 - 正在爬取第 4/4 页: http://www.hawh.cn/hawh/audioVisual/cultural/world/index.html?pageIndex=4
2025-12-18 09:02:20 | INFO     | __main__:scrape_programs_for_category:253 - 栏目爬取结束，总共发现 21 个节目
2025-12-18 09:02:20 | INFO     | __main__:run:297 - [8/13]
2025-12-18 09:02:20 | INFO     | __main__:scrape_programs_for_category:206 - 开始爬取栏目: http://www.hawh.cn/hawh/audioVisual/lecture/interview/index.html
2025-12-18 09:02:21 | INFO     | __main__:scrape_programs_for_category:220 - 第 1 页抓取完成，找到 12 个节目
2025-12-18 09:02:21 | INFO     | __main__:scrape_programs_for_category:230 - 检测到分页组件，最大页数为: 3
2025-12-18 09:02:21 | INFO     | __main__:scrape_programs_for_category:240 - 正在爬取第 2/3 页: http://www.hawh.cn/hawh/audioVisual/lecture/interview/index.html?pageIndex=2
2025-12-18 09:02:22 | INFO     | __main__:scrape_programs_for_category:240 - 正在爬取第 3/3 页: http://www.hawh.cn/hawh/audioVisual/lecture/interview/index.html?pageIndex=3
2025-12-18 09:02:24 | INFO     | __main__:scrape_programs_for_category:253 - 栏目爬取结束，总共发现 25 个节目
2025-12-18 09:02:24 | INFO     | __main__:run:297 - [9/13]
2025-12-18 09:02:24 | INFO     | __main__:scrape_programs_for_category:206 - 开始爬取栏目: http://www.hawh.cn/hawh/audioVisual/cultural/essence/index.html
2025-12-18 09:02:25 | INFO     | __main__:scrape_programs_for_category:220 - 第 1 页抓取完成，找到 6 个节目
2025-12-18 09:02:25 | INFO     | __main__:scrape_programs_for_category:230 - 检测到分页组件，最大页数为: 4
2025-12-18 09:02:25 | INFO     | __main__:scrape_programs_for_category:240 - 正在爬取第 2/4 页: http://www.hawh.cn/hawh/audioVisual/cultural/essence/index.html?pageIndex=2
2025-12-18 09:02:27 | INFO     | __main__:scrape_programs_for_category:240 - 正在爬取第 3/4 页: http://www.hawh.cn/hawh/audioVisual/cultural/essence/index.html?pageIndex=3
2025-12-18 09:02:28 | INFO     | __main__:scrape_programs_for_category:240 - 正在爬取第 4/4 页: http://www.hawh.cn/hawh/audioVisual/cultural/essence/index.html?pageIndex=4
2025-12-18 09:02:30 | INFO     | __main__:scrape_programs_for_category:253 - 栏目爬取结束，总共发现 19 个节目
2025-12-18 09:02:30 | INFO     | __main__:run:297 - [10/13]
2025-12-18 09:02:30 | INFO     | __main__:scrape_programs_for_category:206 - 开始爬取栏目: http://www.hawh.cn/hawh/audioVisual/art/heritage/index.html
2025-12-18 09:02:31 | INFO     | __main__:scrape_programs_for_category:220 - 第 1 页抓取完成，找到 12 个节目
2025-12-18 09:02:31 | INFO     | __main__:scrape_programs_for_category:230 - 检测到分页组件，最大页数为: 3
2025-12-18 09:02:31 | INFO     | __main__:scrape_programs_for_category:240 - 正在爬取第 2/3 页: http://www.hawh.cn/hawh/audioVisual/art/heritage/index.html?pageIndex=2
2025-12-18 09:02:33 | INFO     | __main__:scrape_programs_for_category:240 - 正在爬取第 3/3 页: http://www.hawh.cn/hawh/audioVisual/art/heritage/index.html?pageIndex=3
2025-12-18 09:02:34 | INFO     | __main__:scrape_programs_for_category:253 - 栏目爬取结束，总共发现 29 个节目
2025-12-18 09:02:34 | INFO     | __main__:run:297 - [11/13]
2025-12-18 09:02:34 | INFO     | __main__:scrape_programs_for_category:206 - 开始爬取栏目: http://www.hawh.cn/hawh/audioVisual/classic/foreign/index.html
2025-12-18 09:02:35 | INFO     | __main__:scrape_programs_for_category:220 - 第 1 页抓取完成，找到 12 个节目
2025-12-18 09:02:35 | INFO     | __main__:scrape_programs_for_category:230 - 检测到分页组件，最大页数为: 2
2025-12-18 09:02:35 | INFO     | __main__:scrape_programs_for_category:240 - 正在爬取第 2/2 页: http://www.hawh.cn/hawh/audioVisual/classic/foreign/index.html?pageIndex=2
2025-12-18 09:02:37 | INFO     | __main__:scrape_programs_for_category:253 - 栏目爬取结束，总共发现 24 个节目
2025-12-18 09:02:37 | INFO     | __main__:run:297 - [12/13]
2025-12-18 09:02:37 | INFO     | __main__:scrape_programs_for_category:206 - 开始爬取栏目: http://www.hawh.cn/hawh/audioVisual/art/drama/index.html
2025-12-18 09:02:38 | INFO     | __main__:scrape_programs_for_category:220 - 第 1 页抓取完成，找到 12 个节目
2025-12-18 09:02:38 | INFO     | __main__:scrape_programs_for_category:230 - 检测到分页组件，最大页数为: 5
2025-12-18 09:02:38 | INFO     | __main__:scrape_programs_for_category:240 - 正在爬取第 2/5 页: http://www.hawh.cn/hawh/audioVisual/art/drama/index.html?pageIndex=2
2025-12-18 09:02:40 | INFO     | __main__:scrape_programs_for_category:240 - 正在爬取第 3/5 页: http://www.hawh.cn/hawh/audioVisual/art/drama/index.html?pageIndex=3
2025-12-18 09:02:41 | INFO     | __main__:scrape_programs_for_category:240 - 正在爬取第 4/5 页: http://www.hawh.cn/hawh/audioVisual/art/drama/index.html?pageIndex=4
2025-12-18 09:02:43 | INFO     | __main__:scrape_programs_for_category:240 - 正在爬取第 5/5 页: http://www.hawh.cn/hawh/audioVisual/art/drama/index.html?pageIndex=5
2025-12-18 09:02:44 | INFO     | __main__:scrape_programs_for_category:253 - 栏目爬取结束，总共发现 60 个节目
2025-12-18 09:02:44 | INFO     | __main__:run:297 - [13/13]
2025-12-18 09:02:44 | INFO     | __main__:scrape_programs_for_category:206 - 开始爬取栏目: http://www.hawh.cn/hawh/audioVisual/classic/share/index.html
2025-12-18 09:02:45 | INFO     | __main__:scrape_programs_for_category:220 - 第 1 页抓取完成，找到 11 个节目
2025-12-18 09:02:45 | INFO     | __main__:scrape_programs_for_category:230 - 检测到分页组件，最大页数为: 1
2025-12-18 09:02:45 | INFO     | __main__:scrape_programs_for_category:253 - 栏目爬取结束，总共发现 11 个节目
2025-12-18 09:02:45 | INFO     | __main__:run:303 - ============================================================
2025-12-18 09:02:45 | INFO     | __main__:run:304 - 🎬 正在获取节目详情和媒体链接
2025-12-18 09:02:45 | INFO     | __main__:run:305 - ============================================================
2025-12-18 09:03:02 | INFO     | __main__:save_data:327 - 💾 保存数据到 hawh_data/
2025-12-18 09:03:02 | INFO     | __main__:save_data:334 - 节目信息: hawh_data/programs.json (402 条)
2025-12-18 09:03:02 | INFO     | __main__:save_data:350 - 媒体链接: hawh_data/media_links.json (10 条)
2025-12-18 09:03:02 | INFO     | __main__:save_data:366 - 汇总表格: hawh_data/programs_summary.csv
2025-12-18 09:03:02 | INFO     | __main__:run:316 - ============================================================
2025-12-18 09:03:02 | INFO     | __main__:run:317 - ✨ 爬取完成！
2025-12-18 09:03:02 | INFO     | __main__:run:318 - ============================================================
